x,y,z
-0.817823,-3.20086,0.0
-0.8749998066574349,-3.174999726936221,0.9150000214576721
-0.924999807402493,-3.124999726191163,0.9150000214576721
-0.974999808147551,-3.074999725446105,0.9150000214576721
-1.024999808892609,-3.024999724701047,0.9150000214576721
-1.0749998096376672,-2.974999723955989,0.9150000214576721
-1.1249998103827252,-2.924999723210931,0.9150000214576721
-1.1749998111277833,-2.8749997224658728,0.9150000214576721
-1.2249998118728413,-2.8249997217208147,0.9150000214576721
-1.2749998126178994,-2.7749997209757566,0.9150000214576721
-1.3249998133629575,-2.7249997202306986,0.9150000214576721
-1.3749998141080155,-2.6749997194856405,0.9150000214576721
-1.4249998148530736,-2.6249997187405825,0.9150000214576721
-1.4749998155981316,-2.5749997179955244,0.9150000214576721
-1.5249998163431897,-2.5249997172504663,0.9150000214576721
-1.5749998170882478,-2.4749997165054083,0.9150000214576721
-1.6249998178333058,-2.4249997157603502,0.9150000214576721
-1.6749998185783639,-2.374999715015292,0.9150000214576721
-1.724999819323422,-2.324999714270234,0.9150000214576721
-1.77499982006848,-2.274999713525176,0.9150000214576721
-1.824999820813538,-2.224999712780118,0.9150000214576721
-1.8749998215585961,-2.17499971203506,0.9150000214576721
-1.9249998223036542,-2.124999711290002,0.9150000214576721
-1.9749998230487122,-2.074999710544944,0.9150000214576721
-2.0249998237937703,-2.0249997097998857,0.9150000214576721
-2.0749998245388284,-1.9749997090548277,0.9150000214576721
-2.1249998252838864,-1.9249997083097696,0.9150000214576721
-2.1749998260289445,-1.8749997075647116,0.9150000214576721
-2.2249998267740025,-1.8249997068196535,0.9150000214576721
-2.2249998267740025,-1.7749997060745955,0.9150000214576721
-2.2749998275190606,-1.7249997053295374,0.9000000357627869
-2.3249998282641187,-1.6749997045844793,0.9000000357627869
-2.3249998282641187,-1.6249997038394213,0.9000000357627869
-2.3249998282641187,-1.5749997030943632,0.9000000357627869
-2.3249998282641187,-1.5249997023493052,0.9000000357627869
-2.3249998282641187,-1.474999701604247,0.9000000357627869
-2.3249998282641187,-1.424999700859189,0.9000000357627869
-2.3249998282641187,-1.374999700114131,0.9000000357627869
-2.3249998282641187,-1.324999699369073,0.9000000357627869
-2.3749998290091767,-1.2749996986240149,0.9000000357627869
-2.424999829754235,-1.2249996978789568,0.9000000357627869
-2.474999830499293,-1.1749996971338987,0.9000000357627869
-2.524999831244351,-1.1249996963888407,0.9000000357627869
-2.574999831989409,-1.0749996956437826,0.9000000357627869
-2.624999832734467,-1.0249996948987246,0.9000000357627869
-2.674999833479525,-0.9749996941536665,0.9000000357627869
-2.724999834224583,-0.9249996934086084,0.9000000357627869
-2.774999834969641,-0.8749996926635504,0.9000000357627869
-2.774999834969641,-0.8249996919184923,0.9000000357627869
-2.774999834969641,-0.7749996911734343,0.9000000357627869
-2.774999834969641,-0.7249996904283762,0.9000000357627869
-2.774999834969641,-0.6749996896833181,0.9000000357627869
-2.774999834969641,-0.6249996889382601,0.9000000357627869
-2.8249998357146993,-0.574999688193202,0.8849999904632568
-2.8249998357146993,-0.524999687448144,0.8849999904632568
-2.8249998357146993,-0.4749996867030859,0.8849999904632568
-2.8749998364597573,-0.42499968595802784,0.8700000047683716
-2.8749998364597573,-0.3749996852129698,0.8700000047683716
-2.8749998364597573,-0.3249996844679117,0.8700000047683716
-2.8749998364597573,-0.27499968372285366,0.8700000047683716
-2.8749998364597573,-0.2249996829777956,0.8700000047683716
-2.8749998364597573,-0.17499968223273754,0.8700000047683716
-2.8749998364597573,-0.12499968148767948,0.8700000047683716
-2.9249998372048154,-0.07499968074262142,0.8700000047683716
-2.9249998372048154,-0.024999679997563362,0.8700000047683716
-2.9249998372048154,0.025000320747494698,0.8700000047683716
-2.9249998372048154,0.07500032149255276,0.8700000047683716
-2.9249998372048154,0.12500032223761082,0.8700000047683716
-2.9249998372048154,0.17500032298266888,0.8700000047683716
-2.9249998372048154,0.22500032372772694,0.8700000047683716
-2.9249998372048154,0.275000324472785,0.8700000047683716
-2.9249998372048154,0.32500032521784306,0.8700000047683716
-2.9249998372048154,0.3750003259629011,0.8700000047683716
-2.9249998372048154,0.4250003267079592,0.8700000047683716
-2.9249998372048154,0.47500032745301723,0.8700000047683716
-2.9249998372048154,0.5250003281980753,0.8700000047683716
-2.9249998372048154,0.5750003289431334,0.8700000047683716
-2.9249998372048154,0.6250003296881914,0.8700000047683716
-2.9249998372048154,0.6750003304332495,0.8700000047683716
-2.9249998372048154,0.7250003311783075,0.8700000047683716
-2.9249998372048154,0.7750003319233656,0.8700000047683716
-2.9249998372048154,0.8250003326684237,0.8700000047683716
-2.9249998372048154,0.8750003334134817,0.8700000047683716
-2.9249998372048154,0.9250003341585398,0.8700000047683716
-2.9249998372048154,0.9750003349035978,0.8700000047683716
-2.9249998372048154,1.025000335648656,0.8700000047683716
-2.9249998372048154,1.075000336393714,0.8849999904632568
-2.9249998372048154,1.125000337138772,0.8849999904632568
-2.9249998372048154,1.17500033788383,0.8849999904632568
-2.9249998372048154,1.2250003386288881,0.8849999904632568
-2.9249998372048154,1.2750003393739462,0.8849999904632568
-2.9249998372048154,1.3250003401190042,0.8849999904632568
-2.9249998372048154,1.3750003408640623,0.8849999904632568
-2.9249998372048154,1.4250003416091204,0.8849999904632568
-2.9249998372048154,1.4750003423541784,0.8849999904632568
-2.8749998364597573,1.5250003430992365,0.9000000357627869
-2.8749998364597573,1.5750003438442945,0.9000000357627869
-2.8749998364597573,1.6250003445893526,0.9000000357627869
-2.8749998364597573,1.6750003453344107,0.9000000357627869
-2.8749998364597573,1.7250003460794687,0.9000000357627869
-2.8749998364597573,1.7750003468245268,0.9000000357627869
-2.8749998364597573,1.8250003475695848,0.9000000357627869
-2.8749998364597573,1.875000348314643,0.9000000357627869
-2.8749998364597573,1.925000349059701,0.9000000357627869
-2.8749998364597573,1.975000349804759,0.9000000357627869
-2.8749998364597573,2.025000350549817,0.9000000357627869
-2.8749998364597573,2.075000351294875,0.9000000357627869
-2.8749998364597573,2.125000352039933,0.9000000357627869
-2.8749998364597573,2.1750003527849913,0.9000000357627869
-2.8749998364597573,2.2250003535300493,0.9000000357627869
-2.8749998364597573,2.2750003542751074,0.9000000357627869
-2.8249998357146993,2.3250003550201654,0.9000000357627869
-2.8249998357146993,2.3750003557652235,0.9000000357627869
-2.8249998357146993,2.4250003565102816,0.9000000357627869
-2.8249998357146993,2.4750003572553396,0.9000000357627869
-2.774999834969641,2.5250003580003977,0.9000000357627869
-2.774999834969641,2.5750003587454557,0.9000000357627869
-2.774999834969641,2.625000359490514,0.9000000357627869
-2.774999834969641,2.675000360235572,0.9000000357627869
-2.774999834969641,2.72500036098063,0.9000000357627869
-2.774999834969641,2.775000361725688,0.9000000357627869
-2.774999834969641,2.825000362470746,0.9000000357627869
-2.774999834969641,2.875000363215804,0.9000000357627869
-2.774999834969641,2.925000363960862,0.9000000357627869
-2.774999834969641,2.97500036470592,0.9000000357627869
-2.774999834969641,3.0250003654509783,0.8849999904632568
-2.774999834969641,3.0750003661960363,0.8849999904632568
-2.774999834969641,3.1250003669410944,0.8849999904632568
-2.774999834969641,3.1750003676861525,0.8849999904632568
-2.774999834969641,3.2250003684312105,0.8849999904632568
-2.8249998357146993,3.2750003691762686,0.8849999904632568
-2.8249998357146993,3.3250003699213266,0.8849999904632568
-2.8249998357146993,3.3750003706663847,0.8849999904632568
-2.8749998364597573,3.4250003714114428,0.8849999904632568
-2.8749998364597573,3.475000372156501,0.8849999904632568
-2.8749998364597573,3.525000372901559,0.8849999904632568
-2.8749998364597573,3.575000373646617,0.8849999904632568
-2.8749998364597573,3.625000374391675,0.8849999904632568
-2.8749998364597573,3.675000375136733,0.8849999904632568
-2.8749998364597573,3.725000375881791,0.8849999904632568
-2.8749998364597573,3.775000376626849,0.8849999904632568
-2.8749998364597573,3.8250003773719072,0.8849999904632568
-2.8749998364597573,3.8750003781169653,0.8849999904632568
-2.8749998364597573,3.9250003788620234,0.8849999904632568
-2.8749998364597573,3.9750003796070814,0.8700000047683716
-2.8749998364597573,4.0250003803521395,0.8700000047683716
-2.8749998364597573,4.0750003810971975,0.8700000047683716
-2.8749998364597573,4.125000381842256,0.8700000047683716
-2.87355,4.19959,0.0
-2.87355,4.19959,0.0
-2.8249998357146993,4.225000383332372,0.8700000047683716
-2.774999834969641,4.27500038407743,0.8700000047683716
-2.724999834224583,4.325000384822488,0.8700000047683716
-2.674999833479525,4.375000385567546,0.8700000047683716
-2.624999832734467,4.425000386312604,0.8700000047683716
-2.574999831989409,4.475000387057662,0.8700000047683716
-2.524999831244351,4.52500038780272,0.8700000047683716
-2.474999830499293,4.575000388547778,0.8700000047683716
-2.424999829754235,4.625000389292836,0.8550000190734863
-2.3749998290091767,4.675000390037894,0.8550000190734863
-2.3249998282641187,4.725000390782952,0.8550000190734863
-2.2749998275190606,4.77500039152801,0.8550000190734863
-2.2249998267740025,4.825000392273068,0.8550000190734863
-2.1749998260289445,4.8750003930181265,0.8550000190734863
-2.1249998252838864,4.9250003937631845,0.8550000190734863
-2.0749998245388284,4.975000394508243,0.8550000190734863
-2.0249998237937703,5.025000395253301,0.8550000190734863
-1.9749998230487122,5.025000395253301,0.8550000190734863
-1.9249998223036542,5.025000395253301,0.8550000190734863
-1.8749998215585961,5.025000395253301,0.8550000190734863
-1.824999820813538,5.025000395253301,0.8550000190734863
-1.77499982006848,5.025000395253301,0.8550000190734863
-1.724999819323422,5.025000395253301,0.8550000190734863
-1.6749998185783639,5.025000395253301,0.8550000190734863
-1.6249998178333058,5.025000395253301,0.8550000190734863
-1.5749998170882478,5.025000395253301,0.8550000190734863
-1.5249998163431897,5.025000395253301,0.8550000190734863
-1.4749998155981316,5.075000395998359,0.8550000190734863
-1.4249998148530736,5.125000396743417,0.8550000190734863
-1.3749998141080155,5.175000397488475,0.8550000190734863
-1.3249998133629575,5.225000398233533,0.8550000190734863
-1.2749998126178994,5.275000398978591,0.8550000190734863
-1.2249998118728413,5.325000399723649,0.8550000190734863
-1.1749998111277833,5.375000400468707,0.8550000190734863
-1.1249998103827252,5.425000401213765,0.8550000190734863
-1.0749998096376672,5.425000401213765,0.8550000190734863
-1.024999808892609,5.425000401213765,0.8550000190734863
-0.974999808147551,5.475000401958823,0.8550000190734863
-0.924999807402493,5.525000402703881,0.8550000190734863
-0.8749998066574349,5.575000403448939,0.8550000190734863
-0.8249998059123769,5.625000404193997,0.8550000190734863
-0.7749998051673188,5.675000404939055,0.8550000190734863
-0.7249998044222608,5.7250004056841135,0.8550000190734863
-0.6749998036772027,5.775000406429172,0.8550000190734863
-0.6249998029321446,5.82500040717423,0.8550000190734863
-0.5749998021870866,5.875000407919288,0.8550000190734863
-0.5249998014420285,5.925000408664346,0.8550000190734863
-0.47499980069697045,5.975000409409404,0.8700000047683716
-0.4249997999519124,6.025000410154462,0.8700000047683716
-0.37499979920685433,6.025000410154462,0.8700000047683716
-0.3249997984617963,6.025000410154462,0.8700000047683716
-0.2749997977167382,6.025000410154462,0.8700000047683716
-0.22499979697168015,6.025000410154462,0.8700000047683716
-0.1749997962266221,6.025000410154462,0.8700000047683716
-0.12499979548156404,6.025000410154462,0.8700000047683716
-0.07499979473650598,6.025000410154462,0.8700000047683716
-0.024999793991447916,6.025000410154462,0.8700000047683716
0.025000206753610144,6.025000410154462,0.8700000047683716
0.0750002074986682,6.07500041089952,0.8700000047683716
0.12500020824372626,6.07500041089952,0.8700000047683716
0.17500020898878432,6.07500041089952,0.8700000047683716
0.22500020973384238,6.07500041089952,0.8700000047683716
0.27500021047890044,6.07500041089952,0.8700000047683716
0.3250002112239585,6.07500041089952,0.8700000047683716
0.37500021196901656,6.07500041089952,0.8700000047683716
0.4250002127140746,6.07500041089952,0.8700000047683716
0.4750002134591327,6.07500041089952,0.8700000047683716
0.5250002142041907,6.07500041089952,0.8700000047683716
0.5750002149492488,6.07500041089952,0.8550000190734863
0.6250002156943069,6.07500041089952,0.8550000190734863
0.6750002164393649,6.07500041089952,0.8550000190734863
0.725000217184423,6.07500041089952,0.8550000190734863
0.775000217929481,6.07500041089952,0.8550000190734863
0.8250002186745391,6.07500041089952,0.8550000190734863
0.8750002194195972,6.07500041089952,0.8550000190734863
0.9250002201646552,6.07500041089952,0.8550000190734863
0.9750002209097133,6.07500041089952,0.8550000190734863
1.0250002216547713,6.07500041089952,0.8550000190734863
1.0750002223998294,6.07500041089952,0.8550000190734863
1.1250002231448875,6.07500041089952,0.8550000190734863
1.1750002238899455,6.07500041089952,0.8550000190734863
1.2250002246350036,6.07500041089952,0.8550000190734863
1.2750002253800616,6.07500041089952,0.8550000190734863
1.3250002261251197,6.07500041089952,0.8550000190734863
1.3750002268701778,6.125000411644578,0.8550000190734863
1.4250002276152358,6.125000411644578,0.8550000190734863
1.4750002283602939,6.125000411644578,0.8550000190734863
1.525000229105352,6.125000411644578,0.8550000190734863
1.57500022985041,6.125000411644578,0.8550000190734863
1.625000230595468,6.125000411644578,0.8550000190734863
1.6750002313405261,6.125000411644578,0.8550000190734863
1.7250002320855842,6.125000411644578,0.8550000190734863
1.7750002328306422,6.125000411644578,0.8550000190734863
1.8250002335757003,6.125000411644578,0.8550000190734863
1.8750002343207584,6.125000411644578,0.8550000190734863
1.9250002350658164,6.125000411644578,0.8550000190734863
1.9750002358108745,6.125000411644578,0.8550000190734863
2.0250002365559325,6.125000411644578,0.8550000190734863
2.0750002373009906,6.125000411644578,0.8550000190734863
2.1250002380460487,6.125000411644578,0.8550000190734863
2.1750002387911067,6.125000411644578,0.8550000190734863
2.2250002395361648,6.125000411644578,0.8550000190734863
2.275000240281223,6.125000411644578,0.8550000190734863
2.325000241026281,6.125000411644578,0.8550000190734863
2.375000241771339,6.125000411644578,0.8550000190734863
2.425000242516397,6.125000411644578,0.8550000190734863
2.475000243261455,6.125000411644578,0.8550000190734863
2.525000244006513,6.125000411644578,0.8550000190734863
2.575000244751571,6.125000411644578,0.8550000190734863
2.6250002454966292,6.125000411644578,0.8550000190734863
2.6750002462416873,6.175000412389636,0.8550000190734863
2.7250002469867454,6.225000413134694,0.8550000190734863
2.7750002477318034,6.225000413134694,0.8550000190734863
2.8250002484768615,6.225000413134694,0.8550000190734863
2.8750002492219195,6.225000413134694,0.8550000190734863
2.9250002499669776,6.225000413134694,0.8550000190734863
2.9750002507120357,6.225000413134694,0.8550000190734863
3.0250002514570937,6.225000413134694,0.8550000190734863
3.075000252202152,6.225000413134694,0.8550000190734863
3.12500025294721,6.275000413879752,0.8550000190734863
3.175000253692268,6.275000413879752,0.8550000190734863
3.225000254437326,6.275000413879752,0.8550000190734863
3.275000255182384,6.275000413879752,0.8550000190734863
3.325000255927442,6.32500041462481,0.8400000333786011
3.3750002566725,6.32500041462481,0.8400000333786011
3.425000257417558,6.32500041462481,0.8400000333786011
3.4750002581626163,6.32500041462481,0.8400000333786011
3.5250002589076743,6.32500041462481,0.8400000333786011
3.5750002596527324,6.32500041462481,0.8400000333786011
3.6250002603977904,6.32500041462481,0.8400000333786011
3.6750002611428485,6.32500041462481,0.8400000333786011
3.7250002618879066,6.32500041462481,0.8400000333786011
3.7750002626329646,6.32500041462481,0.8400000333786011
3.8250002633780227,6.275000413879752,0.8400000333786011
3.8750002641230807,6.225000413134694,0.8400000333786011
3.925000264868139,6.225000413134694,0.8400000333786011
3.975000265613197,6.225000413134694,0.8400000333786011
4.025000266358255,6.225000413134694,0.8400000333786011
4.075000267103313,6.225000413134694,0.8400000333786011
4.125000267848371,6.225000413134694,0.8400000333786011
4.175000268593429,6.225000413134694,0.8400000333786011
4.225000269338487,6.225000413134694,0.8400000333786011
4.275000270083545,6.225000413134694,0.8400000333786011
4.325000270828603,6.225000413134694,0.8400000333786011
4.375000271573661,6.225000413134694,0.8400000333786011
4.425000272318719,6.225000413134694,0.8400000333786011
4.4750002730637775,6.225000413134694,0.8400000333786011
4.5250002738088355,6.225000413134694,0.8400000333786011
4.575000274553894,6.225000413134694,0.8400000333786011
4.625000275298952,6.225000413134694,0.8400000333786011
4.67500027604401,6.225000413134694,0.8400000333786011
4.725000276789068,6.225000413134694,0.8400000333786011
4.775000277534126,6.225000413134694,0.8400000333786011
4.825000278279184,6.225000413134694,0.8400000333786011
4.875000279024242,6.225000413134694,0.8400000333786011
4.9250002797693,6.225000413134694,0.8400000333786011
4.975000280514358,6.225000413134694,0.8400000333786011
5.025000281259416,6.225000413134694,0.8400000333786011
5.075000282004474,6.225000413134694,0.8400000333786011
5.125000282749532,6.225000413134694,0.8400000333786011
5.17500028349459,6.225000413134694,0.8400000333786011
5.225000284239648,6.225000413134694,0.8400000333786011
5.275000284984706,6.225000413134694,0.8400000333786011
5.3250002857297645,6.225000413134694,0.8400000333786011
5.36552,6.24229,0.0
5.36552,6.24229,0.0
5.425000287219881,6.175000412389636,0.8400000333786011
5.475000287964939,6.125000411644578,0.8400000333786011
5.525000288709997,6.07500041089952,0.8400000333786011
5.575000289455055,6.025000410154462,0.8400000333786011
5.575000289455055,5.975000409409404,0.8400000333786011
5.575000289455055,5.925000408664346,0.8400000333786011
5.575000289455055,5.875000407919288,0.8400000333786011
5.575000289455055,5.82500040717423,0.8400000333786011
5.575000289455055,5.775000406429172,0.8400000333786011
5.575000289455055,5.7250004056841135,0.8400000333786011
5.575000289455055,5.675000404939055,0.8400000333786011
5.575000289455055,5.625000404193997,0.8400000333786011
5.575000289455055,5.575000403448939,0.8400000333786011
5.625000290200113,5.525000402703881,0.8400000333786011
5.675000290945171,5.475000401958823,0.8400000333786011
5.725000291690229,5.425000401213765,0.8400000333786011
5.725000291690229,5.375000400468707,0.8400000333786011
5.775000292435287,5.325000399723649,0.8400000333786011
5.775000292435287,5.275000398978591,0.8400000333786011
5.775000292435287,5.225000398233533,0.8400000333786011
5.775000292435287,5.175000397488475,0.8400000333786011
5.775000292435287,5.125000396743417,0.8400000333786011
5.775000292435287,5.075000395998359,0.8400000333786011
5.775000292435287,5.025000395253301,0.8400000333786011
5.775000292435287,4.975000394508243,0.8400000333786011
5.825000293180345,4.9250003937631845,0.8400000333786011
5.825000293180345,4.8750003930181265,0.8400000333786011
5.825000293180345,4.825000392273068,0.8400000333786011
5.825000293180345,4.77500039152801,0.8400000333786011
5.825000293180345,4.725000390782952,0.8400000333786011
5.825000293180345,4.675000390037894,0.8400000333786011
5.825000293180345,4.625000389292836,0.8400000333786011
5.825000293180345,4.575000388547778,0.8400000333786011
5.825000293180345,4.52500038780272,0.8400000333786011
5.825000293180345,4.475000387057662,0.8400000333786011
5.825000293180345,4.425000386312604,0.8400000333786011
5.825000293180345,4.375000385567546,0.8400000333786011
5.825000293180345,4.325000384822488,0.8400000333786011
5.825000293180345,4.27500038407743,0.8400000333786011
5.825000293180345,4.225000383332372,0.8400000333786011
5.825000293180345,4.175000382587314,0.8400000333786011
5.825000293180345,4.125000381842256,0.8400000333786011
5.825000293180345,4.0750003810971975,0.8400000333786011
5.825000293180345,4.0250003803521395,0.8400000333786011
5.825000293180345,3.9750003796070814,0.8400000333786011
5.825000293180345,3.9250003788620234,0.8400000333786011
5.825000293180345,3.8750003781169653,0.8400000333786011
5.825000293180345,3.8250003773719072,0.8400000333786011
5.825000293180345,3.775000376626849,0.8400000333786011
5.825000293180345,3.725000375881791,0.8400000333786011
5.825000293180345,3.675000375136733,0.8400000333786011
5.825000293180345,3.625000374391675,0.8400000333786011
5.825000293180345,3.575000373646617,0.8400000333786011
5.825000293180345,3.525000372901559,0.8400000333786011
5.825000293180345,3.475000372156501,0.8400000333786011
5.825000293180345,3.4250003714114428,0.8400000333786011
5.825000293180345,3.3750003706663847,0.8400000333786011
5.825000293180345,3.3250003699213266,0.8400000333786011
5.825000293180345,3.2750003691762686,0.8400000333786011
5.825000293180345,3.2250003684312105,0.8400000333786011
5.825000293180345,3.1750003676861525,0.8400000333786011
5.825000293180345,3.1250003669410944,0.8400000333786011
5.875000293925403,3.0750003661960363,0.8400000333786011
5.875000293925403,3.0250003654509783,0.8400000333786011
5.875000293925403,2.97500036470592,0.8400000333786011
5.925000294670461,2.925000363960862,0.8400000333786011
5.975000295415519,2.875000363215804,0.8400000333786011
6.025000296160577,2.825000362470746,0.8400000333786011
6.075000296905635,2.775000361725688,0.8400000333786011
6.125000297650693,2.72500036098063,0.8400000333786011
6.1750002983957515,2.675000360235572,0.8400000333786011
6.2250002991408095,2.625000359490514,0.8400000333786011
6.275000299885868,2.5750003587454557,0.8400000333786011
6.275000299885868,2.5250003580003977,0.8400000333786011
6.275000299885868,2.4750003572553396,0.8400000333786011
6.275000299885868,2.4250003565102816,0.8400000333786011
6.275000299885868,2.3750003557652235,0.8400000333786011
6.275000299885868,2.3250003550201654,0.8400000333786011
6.275000299885868,2.2750003542751074,0.8400000333786011
6.275000299885868,2.2250003535300493,0.8400000333786011
6.325000300630926,2.1750003527849913,0.8400000333786011
6.325000300630926,2.125000352039933,0.8400000333786011
6.325000300630926,2.075000351294875,0.8400000333786011
6.325000300630926,2.025000350549817,0.8400000333786011
6.325000300630926,1.975000349804759,0.8400000333786011
6.375000301375984,1.925000349059701,0.8400000333786011
6.375000301375984,1.875000348314643,0.8400000333786011
6.375000301375984,1.8250003475695848,0.8400000333786011
6.375000301375984,1.7750003468245268,0.8400000333786011
6.375000301375984,1.7250003460794687,0.8400000333786011
6.425000302121042,1.6750003453344107,0.8400000333786011
6.4750003028661,1.6250003445893526,0.8400000333786011
6.525000303611158,1.5750003438442945,0.8250000476837158
6.575000304356216,1.5250003430992365,0.8250000476837158
6.625000305101274,1.4750003423541784,0.8250000476837158
6.625000305101274,1.4250003416091204,0.8250000476837158
6.675000305846332,1.3750003408640623,0.8250000476837158
6.675000305846332,1.3250003401190042,0.8250000476837158
6.72500030659139,1.2750003393739462,0.8250000476837158
6.72500030659139,1.2250003386288881,0.8250000476837158
6.72500030659139,1.17500033788383,0.8250000476837158
6.72500030659139,1.125000337138772,0.8250000476837158
6.775000307336448,1.075000336393714,0.8250000476837158
6.825000308081506,1.025000335648656,0.8250000476837158
6.875000308826564,0.9750003349035978,0.8250000476837158
6.875000308826564,0.9250003341585398,0.8250000476837158
6.925000309571622,0.8750003334134817,0.8250000476837158
6.925000309571622,0.8250003326684237,0.8250000476837158
6.97500031031668,0.7750003319233656,0.8250000476837158
7.0250003110617385,0.7250003311783075,0.8100000619888306
7.075000311806797,0.6750003304332495,0.8100000619888306
7.125000312551855,0.6250003296881914,0.8100000619888306
7.175000313296913,0.5750003289431334,0.8100000619888306
7.225000314041971,0.5250003281980753,0.8100000619888306
7.225000314041971,0.47500032745301723,0.8100000619888306
7.225000314041971,0.4250003267079592,0.8100000619888306
7.225000314041971,0.3750003259629011,0.8100000619888306
7.225000314041971,0.32500032521784306,0.8100000619888306
7.225000314041971,0.275000324472785,0.8100000619888306
7.275000314787029,0.22500032372772694,0.8100000619888306
7.275000314787029,0.17500032298266888,0.8100000619888306
7.275000314787029,0.12500032223761082,0.8100000619888306
7.275000314787029,0.07500032149255276,0.8100000619888306
7.275000314787029,0.025000320747494698,0.8100000619888306
7.275000314787029,-0.024999679997563362,0.8100000619888306
7.275000314787029,-0.07499968074262142,0.8100000619888306
7.275000314787029,-0.12499968148767948,0.8100000619888306
7.275000314787029,-0.17499968223273754,0.8100000619888306
7.275000314787029,-0.2249996829777956,0.8100000619888306
7.275000314787029,-0.27499968372285366,0.8100000619888306
7.275000314787029,-0.3249996844679117,0.8100000619888306
7.275000314787029,-0.3749996852129698,0.8100000619888306
7.275000314787029,-0.42499968595802784,0.8100000619888306
7.275000314787029,-0.4749996867030859,0.8100000619888306
7.325000315532087,-0.524999687448144,0.8100000619888306
7.375000316277145,-0.574999688193202,0.8100000619888306
7.425000317022203,-0.6249996889382601,0.8100000619888306
7.475000317767261,-0.6749996896833181,0.8100000619888306
7.475000317767261,-0.7249996904283762,0.8100000619888306
7.475000317767261,-0.7749996911734343,0.8100000619888306
7.475000317767261,-0.8249996919184923,0.8100000619888306
7.475000317767261,-0.8749996926635504,0.8100000619888306
7.475000317767261,-0.9249996934086084,0.8100000619888306
7.475000317767261,-0.9749996941536665,0.8100000619888306
7.475000317767261,-1.0249996948987246,0.8100000619888306
7.475000317767261,-1.0749996956437826,0.8100000619888306
7.475000317767261,-1.1249996963888407,0.8100000619888306
7.475000317767261,-1.1749996971338987,0.8100000619888306
7.525000318512319,-1.2249996978789568,0.8100000619888306
7.575000319257377,-1.2749996986240149,0.8100000619888306
7.625000320002435,-1.324999699369073,0.8100000619888306
7.66546,-1.3683,0.0
7.66546,-1.3683,0.0
7.625000320002435,-1.324999699369073,0.8100000619888306
7.575000319257377,-1.2749996986240149,0.8100000619888306
7.525000318512319,-1.2749996986240149,0.8100000619888306
7.475000317767261,-1.2249996978789568,0.8100000619888306
7.425000317022203,-1.2249996978789568,0.8100000619888306
7.375000316277145,-1.2249996978789568,0.8100000619888306
7.325000315532087,-1.2249996978789568,0.8100000619888306
7.275000314787029,-1.1749996971338987,0.8100000619888306
7.225000314041971,-1.1749996971338987,0.8100000619888306
7.175000313296913,-1.1749996971338987,0.8100000619888306
7.125000312551855,-1.1749996971338987,0.8100000619888306
7.075000311806797,-1.1749996971338987,0.8100000619888306
7.0250003110617385,-1.1749996971338987,0.8100000619888306
6.97500031031668,-1.1749996971338987,0.8100000619888306
6.925000309571622,-1.1749996971338987,0.8100000619888306
6.875000308826564,-1.1749996971338987,0.8100000619888306
6.825000308081506,-1.1749996971338987,0.8100000619888306
6.775000307336448,-1.1749996971338987,0.8100000619888306
6.72500030659139,-1.1749996971338987,0.8100000619888306
6.675000305846332,-1.1749996971338987,0.8100000619888306
6.625000305101274,-1.1749996971338987,0.8100000619888306
6.575000304356216,-1.1749996971338987,0.8100000619888306
6.525000303611158,-1.1749996971338987,0.8100000619888306
6.4750003028661,-1.1749996971338987,0.8100000619888306
6.425000302121042,-1.1749996971338987,0.8100000619888306
6.375000301375984,-1.1749996971338987,0.8100000619888306
6.325000300630926,-1.1749996971338987,0.8100000619888306
6.275000299885868,-1.1749996971338987,0.8100000619888306
6.2250002991408095,-1.1749996971338987,0.8100000619888306
6.1750002983957515,-1.1749996971338987,0.8100000619888306
6.125000297650693,-1.1749996971338987,0.8100000619888306
6.075000296905635,-1.1749996971338987,0.8100000619888306
6.025000296160577,-1.1749996971338987,0.8100000619888306
5.975000295415519,-1.2249996978789568,0.8250000476837158
5.925000294670461,-1.2249996978789568,0.8250000476837158
5.875000293925403,-1.2249996978789568,0.8250000476837158
5.825000293180345,-1.2249996978789568,0.8250000476837158
5.775000292435287,-1.2249996978789568,0.8250000476837158
5.725000291690229,-1.2249996978789568,0.8250000476837158
5.675000290945171,-1.2249996978789568,0.8250000476837158
5.625000290200113,-1.2249996978789568,0.8250000476837158
5.575000289455055,-1.2249996978789568,0.8250000476837158
5.525000288709997,-1.2249996978789568,0.8250000476837158
5.475000287964939,-1.2249996978789568,0.8400000333786011
5.425000287219881,-1.2249996978789568,0.8400000333786011
5.3750002864748225,-1.2249996978789568,0.8400000333786011
5.3250002857297645,-1.2249996978789568,0.8400000333786011
5.275000284984706,-1.2249996978789568,0.8400000333786011
5.225000284239648,-1.2249996978789568,0.8400000333786011
5.17500028349459,-1.2249996978789568,0.8400000333786011
5.125000282749532,-1.2249996978789568,0.8400000333786011
5.075000282004474,-1.2749996986240149,0.8400000333786011
5.025000281259416,-1.2749996986240149,0.8400000333786011
4.975000280514358,-1.2749996986240149,0.8400000333786011
4.9250002797693,-1.2749996986240149,0.8400000333786011
4.875000279024242,-1.2749996986240149,0.8400000333786011
4.825000278279184,-1.2749996986240149,0.8400000333786011
4.775000277534126,-1.2749996986240149,0.8400000333786011
4.725000276789068,-1.2749996986240149,0.8400000333786011
4.67500027604401,-1.2749996986240149,0.8400000333786011
4.625000275298952,-1.2749996986240149,0.8400000333786011
4.575000274553894,-1.2749996986240149,0.8400000333786011
4.5250002738088355,-1.2749996986240149,0.8400000333786011
4.4750002730637775,-1.2749996986240149,0.8400000333786011
4.425000272318719,-1.2749996986240149,0.8400000333786011
4.375000271573661,-1.2749996986240149,0.8400000333786011
4.325000270828603,-1.324999699369073,0.8550000190734863
4.275000270083545,-1.324999699369073,0.8550000190734863
4.225000269338487,-1.324999699369073,0.8550000190734863
4.175000268593429,-1.324999699369073,0.8550000190734863
4.125000267848371,-1.324999699369073,0.8550000190734863
4.075000267103313,-1.324999699369073,0.8550000190734863
4.025000266358255,-1.324999699369073,0.8550000190734863
3.975000265613197,-1.374999700114131,0.8550000190734863
3.925000264868139,-1.424999700859189,0.8550000190734863
3.8750002641230807,-1.474999701604247,0.8550000190734863
3.8250002633780227,-1.474999701604247,0.8550000190734863
3.7750002626329646,-1.5249997023493052,0.8550000190734863
3.7250002618879066,-1.5749997030943632,0.8550000190734863
3.6750002611428485,-1.6249997038394213,0.8550000190734863
3.6250002603977904,-1.6749997045844793,0.8700000047683716
3.5750002596527324,-1.7249997053295374,0.8700000047683716
3.5250002589076743,-1.7749997060745955,0.8700000047683716
3.4750002581626163,-1.8249997068196535,0.8700000047683716
3.425000257417558,-1.8749997075647116,0.8700000047683716
3.3750002566725,-1.8749997075647116,0.8700000047683716
3.325000255927442,-1.8749997075647116,0.8700000047683716
3.275000255182384,-1.8749997075647116,0.8700000047683716
3.225000254437326,-1.8749997075647116,0.8700000047683716
3.175000253692268,-1.9249997083097696,0.8700000047683716
3.12500025294721,-1.9749997090548277,0.8700000047683716
3.075000252202152,-2.0249997097998857,0.8700000047683716
3.0250002514570937,-2.074999710544944,0.8700000047683716
2.9750002507120357,-2.074999710544944,0.8700000047683716
2.9250002499669776,-2.074999710544944,0.8700000047683716
2.8750002492219195,-2.074999710544944,0.8700000047683716
2.8250002484768615,-2.074999710544944,0.8700000047683716
2.7750002477318034,-2.074999710544944,0.8700000047683716
2.7250002469867454,-2.074999710544944,0.8700000047683716
2.6750002462416873,-2.124999711290002,0.8700000047683716
2.6250002454966292,-2.17499971203506,0.8700000047683716
2.575000244751571,-2.224999712780118,0.8700000047683716
2.525000244006513,-2.274999713525176,0.8700000047683716
2.475000243261455,-2.324999714270234,0.8700000047683716
2.425000242516397,-2.374999715015292,0.8700000047683716
2.375000241771339,-2.4249997157603502,0.8700000047683716
2.325000241026281,-2.4749997165054083,0.8700000047683716
2.275000240281223,-2.5249997172504663,0.8700000047683716
2.2250002395361648,-2.5749997179955244,0.8700000047683716
2.1750002387911067,-2.6249997187405825,0.8700000047683716
2.1250002380460487,-2.6249997187405825,0.8700000047683716
2.0750002373009906,-2.6749997194856405,0.8700000047683716
2.0250002365559325,-2.7249997202306986,0.8700000047683716
1.9750002358108745,-2.7249997202306986,0.8700000047683716
1.9250002350658164,-2.7249997202306986,0.8700000047683716
1.8750002343207584,-2.7249997202306986,0.8700000047683716
1.8250002335757003,-2.7249997202306986,0.8700000047683716
1.7750002328306422,-2.7249997202306986,0.8700000047683716
1.7250002320855842,-2.7249997202306986,0.8700000047683716
1.6750002313405261,-2.7249997202306986,0.8700000047683716
1.625000230595468,-2.7249997202306986,0.8700000047683716
1.57500022985041,-2.7249997202306986,0.8700000047683716
1.525000229105352,-2.7249997202306986,0.8700000047683716
1.4750002283602939,-2.7249997202306986,0.8700000047683716
1.4250002276152358,-2.7749997209757566,0.8849999904632568
1.3750002268701778,-2.8249997217208147,0.8849999904632568
1.3250002261251197,-2.8749997224658728,0.8849999904632568
1.2750002253800616,-2.924999723210931,0.8849999904632568
1.2250002246350036,-2.974999723955989,0.8849999904632568
1.1750002238899455,-2.974999723955989,0.8849999904632568
1.1250002231448875,-2.974999723955989,0.8849999904632568
1.0750002223998294,-2.974999723955989,0.8849999904632568
1.0250002216547713,-2.974999723955989,0.8849999904632568
0.9750002209097133,-2.974999723955989,0.8849999904632568
0.9250002201646552,-2.974999723955989,0.8849999904632568
0.8750002194195972,-2.974999723955989,0.8849999904632568
0.8250002186745391,-2.974999723955989,0.8849999904632568
0.775000217929481,-2.974999723955989,0.8849999904632568
0.725000217184423,-2.974999723955989,0.8849999904632568
0.6750002164393649,-2.974999723955989,0.8849999904632568
0.6250002156943069,-2.974999723955989,0.8849999904632568
0.5750002149492488,-2.974999723955989,0.8849999904632568
0.5250002142041907,-2.974999723955989,0.8849999904632568
0.4750002134591327,-2.974999723955989,0.8849999904632568
0.4250002127140746,-3.024999724701047,0.9000000357627869
0.37500021196901656,-3.074999725446105,0.9000000357627869
0.3250002112239585,-3.074999725446105,0.9000000357627869
0.27500021047890044,-3.074999725446105,0.9000000357627869
0.22500020973384238,-3.074999725446105,0.9000000357627869
0.17500020898878432,-3.074999725446105,0.9000000357627869
0.12500020824372626,-3.074999725446105,0.9000000357627869
0.0750002074986682,-3.074999725446105,0.9000000357627869
0.025000206753610144,-3.074999725446105,0.9000000357627869
-0.024999793991447916,-3.074999725446105,0.9000000357627869
-0.07499979473650598,-3.074999725446105,0.9000000357627869
-0.12499979548156404,-3.074999725446105,0.9000000357627869
-0.1749997962266221,-3.074999725446105,0.9000000357627869
-0.22499979697168015,-3.074999725446105,0.9000000357627869
-0.2749997977167382,-3.074999725446105,0.9000000357627869
-0.3249997984617963,-3.074999725446105,0.9000000357627869
-0.37499979920685433,-3.124999726191163,0.9000000357627869
-0.4249997999519124,-3.174999726936221,0.9000000357627869
-0.47499980069697045,-3.174999726936221,0.9000000357627869
-0.5249998014420285,-3.174999726936221,0.9000000357627869
-0.5749998021870866,-3.174999726936221,0.9000000357627869
-0.6249998029321446,-3.224999727681279,0.9150000214576721
-0.6749998036772027,-3.224999727681279,0.9150000214576721
-0.7249998044222608,-3.224999727681279,0.9150000214576721
-0.7749998051673188,-3.224999727681279,0.9150000214576721
-0.817823,-3.20086,0.0
