,0,1,2,3,4,5,6,7,8,9,10,11,12,13,14,15,16,17,18,19,20,21,22,23,24,25,26,27,28,29,30,31,32,33,34,35,36,37,38,39,40,41,42,43,44,45,46,47,48,49,50,51,52,53,54,55,56,57,58,59,60,61,62,63,64,65,66,67,68,69,70,71,72,73,74,75,76,77,78,79,80,81,82,83,84,85,86,87,88,89,90,91,92,93,94,95,96,97,98,99,100,101,102,103,104,105,106,107,108,109,110,111,112,113,114,115,116,117,118,119,120,121,122,123,124,125,126,127,128,129,130,131,132,133,134,135,136,137,138,139,140,141,142,143,144,145,146,147,148,149,150,151,152,153,154,155,156,157,158,159,160,161,162,163,164,165,166,167,168
0,-1,-1,-1,-1,-1,-1,-1,-1,-1,-1,-1,-1,-1,-1,-1,-1,-1,-1,-1,-1,40,13,14,17,26,19,2,3,4,1,9,7,-1,-1,-1,-1,-1,-1,-1,-1,-1,-1,-1,-1,-1,-1,-1,-1,-1,-1,-1,-1,-1,-1,-1,-1,-1,-1,-1,-1,-1,-1,-1,-1,-1,-1,-1,-1,-1,-1,-1,-1,-1,-1,-1,-1,-1,-1,-1,-1,-1,-1,-1,-1,-1,-1,-1,-1,-1,-1,-1,-1,-1,-1,-1,-1,-1,-1,-1,-1,-1,-1,-1,-1,-1,-1,-1,-1,-1,-1,-1,-1,-1,-1,-1,-1,-1,-1,-1,-1,-1,-1,-1,-1,-1,-1,-1,-1,-1,-1,-1,-1,-1,-1,-1,-1,-1,-1,-1,-1,-1,-1,-1,-1,-1,-1,-1,-1,-1,-1,-1,-1,-1,-1,-1,-1,-1,-1,-1,-1,-1,-1,-1,-1,-1,-1,-1,-1,-1
1,-1,-1,-1,-1,-1,-1,-1,-1,-1,-1,-1,-1,-1,-1,-1,-1,-1,-1,-1,-1,36,18,11,25,31,32,18,6,2,5,17,20,-1,-1,-1,-1,-1,-1,-1,-1,-1,-1,-1,-1,-1,-1,-1,-1,-1,-1,-1,-1,-1,-1,-1,-1,-1,-1,-1,-1,-1,-1,-1,-1,-1,-1,-1,-1,-1,-1,-1,-1,-1,-1,-1,-1,-1,-1,-1,-1,-1,-1,-1,-1,-1,-1,-1,-1,-1,-1,-1,-1,-1,-1,-1,-1,-1,-1,-1,-1,-1,-1,-1,-1,-1,-1,-1,-1,-1,-1,-1,-1,-1,-1,-1,-1,-1,-1,-1,-1,-1,-1,-1,-1,-1,-1,-1,-1,-1,-1,-1,-1,-1,-1,-1,-1,-1,-1,-1,-1,-1,-1,-1,-1,-1,-1,-1,-1,-1,-1,-1,-1,-1,-1,-1,-1,-1,-1,-1,-1,-1,-1,-1,-1,-1,-1,-1,-1,-1
2,-1,-1,-1,-1,-1,-1,-1,-1,-1,-1,-1,-1,-1,-1,-1,-1,-1,-1,-1,-1,99,26,32,39,46,50,49,37,23,20,30,36,-1,-1,-1,-1,-1,-1,-1,-1,-1,-1,-1,-1,-1,-1,-1,-1,-1,-1,-1,-1,-1,-1,-1,-1,-1,-1,-1,-1,-1,-1,-1,-1,-1,-1,-1,-1,-1,-1,-1,-1,-1,-1,-1,-1,-1,-1,-1,-1,-1,-1,-1,-1,-1,-1,-1,-1,-1,-1,-1,-1,-1,-1,-1,-1,-1,-1,-1,-1,-1,-1,-1,-1,-1,-1,-1,-1,-1,-1,-1,-1,-1,-1,-1,-1,-1,-1,-1,-1,-1,-1,-1,-1,-1,-1,-1,-1,-1,-1,-1,-1,-1,-1,-1,-1,-1,-1,-1,-1,-1,-1,-1,-1,-1,-1,-1,-1,-1,-1,-1,-1,-1,-1,-1,-1,-1,-1,-1,-1,-1,-1,-1,-1,-1,-1,-1,-1,-1
3,-1,-1,-1,-1,-1,-1,-1,-1,-1,-1,-1,-1,-1,-1,-1,-1,-1,-1,-1,-1,100,62,38,46,56,43,48,52,33,27,37,40,35,38,44,37,32,31,36,35,24,18,29,48,50,37,28,40,49,-1,-1,-1,-1,-1,-1,-1,-1,-1,-1,-1,-1,-1,-1,-1,-1,-1,-1,-1,-1,-1,-1,-1,-1,-1,-1,-1,-1,-1,-1,-1,-1,-1,-1,-1,-1,-1,-1,-1,-1,-1,-1,-1,-1,-1,-1,-1,-1,-1,-1,-1,-1,-1,-1,-1,-1,-1,-1,-1,-1,-1,-1,-1,-1,-1,-1,-1,-1,-1,-1,-1,-1,-1,-1,-1,-1,-1,-1,-1,-1,-1,-1,-1,-1,-1,-1,-1,-1,-1,-1,-1,-1,-1,-1,-1,-1,-1,-1,-1,-1,-1,-1,-1,-1,-1,-1,-1,-1,-1,-1,-1,-1,-1,-1,-1,-1,-1,-1,-1,-1
4,-1,-1,-1,-1,-1,-1,-1,-1,-1,-1,-1,-1,-1,-1,-1,-1,-1,-1,-1,-1,67,73,33,36,48,24,38,32,38,45,32,40,44,47,63,73,68,54,51,37,27,24,44,56,66,64,48,43,53,-1,-1,-1,-1,-1,-1,-1,-1,-1,-1,-1,-1,-1,-1,-1,-1,-1,-1,-1,-1,-1,-1,-1,-1,-1,-1,-1,-1,-1,-1,-1,-1,-1,-1,-1,-1,-1,-1,-1,-1,-1,-1,-1,-1,-1,-1,-1,-1,-1,-1,-1,-1,-1,-1,-1,-1,-1,-1,-1,-1,-1,-1,-1,-1,-1,-1,-1,-1,-1,-1,-1,-1,-1,-1,-1,-1,-1,-1,-1,-1,-1,-1,-1,-1,-1,-1,-1,-1,-1,-1,-1,-1,-1,-1,-1,-1,-1,-1,-1,-1,-1,-1,-1,-1,-1,-1,-1,-1,-1,-1,-1,-1,-1,-1,-1,-1,-1,-1,-1,-1
5,-1,-1,-1,-1,-1,-1,-1,-1,-1,-1,-1,-1,-1,-1,-1,-1,-1,17,18,17,11,35,56,27,38,17,37,40,47,55,30,39,46,51,55,84,100,83,67,60,31,28,41,64,65,74,77,52,38,37,35,41,43,44,44,46,41,35,33,17,7,11,13,-1,-1,-1,-1,-1,-1,-1,-1,-1,-1,-1,-1,-1,-1,-1,-1,-1,-1,-1,-1,-1,-1,-1,-1,-1,-1,-1,-1,-1,-1,-1,-1,-1,-1,-1,-1,-1,-1,-1,-1,-1,-1,-1,-1,-1,-1,-1,-1,-1,-1,-1,-1,-1,-1,-1,-1,-1,-1,-1,-1,-1,-1,-1,-1,-1,-1,-1,-1,-1,-1,-1,-1,-1,-1,-1,-1,-1,-1,-1,-1,-1,-1,-1,-1,-1,-1,-1,-1,-1,-1,-1,-1,-1,-1,-1,-1,-1,-1,-1,-1,-1,-1,-1,-1,-1,-1
6,-1,-1,-1,-1,-1,-1,-1,-1,-1,-1,-1,-1,-1,-1,-1,-1,-1,11,13,12,9,7,29,30,25,20,22,23,21,27,19,43,53,68,53,100,100,74,63,72,100,55,84,82,62,73,63,94,63,55,55,44,41,39,37,38,37,29,28,25,9,10,13,-1,-1,-1,-1,-1,-1,-1,-1,-1,-1,-1,-1,-1,-1,-1,-1,-1,-1,-1,-1,-1,-1,-1,-1,-1,-1,-1,-1,-1,-1,-1,-1,-1,-1,-1,-1,-1,-1,-1,-1,-1,-1,-1,-1,-1,-1,-1,-1,-1,-1,-1,-1,-1,-1,-1,-1,-1,-1,-1,-1,-1,-1,-1,-1,-1,-1,-1,-1,-1,-1,-1,-1,-1,-1,-1,-1,-1,-1,-1,-1,-1,-1,-1,-1,-1,-1,-1,-1,-1,-1,-1,-1,-1,-1,-1,-1,-1,-1,-1,-1,-1,-1,-1,-1,-1,-1
7,-1,-1,-1,-1,-1,-1,-1,-1,-1,-1,-1,-1,-1,-1,-1,-1,-1,13,10,5,6,7,3,4,12,13,17,16,13,11,23,45,71,90,77,98,100,100,92,63,100,100,24,100,100,95,92,79,100,90,75,54,33,26,25,23,24,22,20,15,9,8,6,-1,-1,-1,-1,-1,-1,-1,-1,-1,-1,-1,-1,-1,-1,-1,-1,-1,-1,-1,-1,-1,-1,-1,-1,-1,-1,-1,-1,-1,-1,-1,-1,-1,-1,-1,-1,-1,-1,-1,-1,-1,-1,-1,-1,-1,-1,-1,-1,-1,-1,-1,-1,-1,-1,-1,-1,-1,-1,-1,-1,-1,-1,-1,-1,-1,-1,-1,-1,-1,-1,-1,-1,-1,-1,-1,-1,-1,-1,-1,-1,-1,-1,-1,-1,-1,-1,-1,-1,-1,-1,-1,-1,-1,-1,-1,-1,-1,-1,-1,-1,-1,-1,-1,-1,-1,-1
8,-1,-1,-1,-1,-1,-1,-1,-1,-1,-1,-1,-1,-1,-1,-1,-1,-1,13,6,3,4,2,5,5,11,7,10,7,7,8,26,53,50,55,96,52,100,100,59,72,81,100,90,69,85,70,94,82,94,68,68,82,56,34,45,31,13,14,21,21,20,14,11,4,5,4,4,10,14,5,3,3,4,6,8,6,3,-1,-1,-1,-1,-1,-1,-1,-1,-1,-1,-1,-1,-1,-1,-1,-1,-1,-1,-1,-1,-1,-1,-1,-1,-1,-1,-1,-1,-1,-1,-1,-1,-1,-1,-1,-1,-1,-1,-1,-1,-1,-1,-1,-1,-1,-1,-1,-1,-1,-1,-1,-1,-1,-1,-1,-1,-1,-1,-1,-1,-1,-1,-1,-1,-1,-1,-1,-1,-1,-1,-1,-1,-1,-1,-1,-1,-1,-1,-1,-1,-1,-1,-1,-1,-1,-1,-1,-1,-1,-1,-1,-1
9,-1,-1,-1,-1,-1,-1,-1,-1,-1,-1,-1,-1,-1,-1,-1,-1,-1,25,8,3,4,9,8,9,12,7,7,8,19,17,13,46,30,100,85,57,100,61,60,44,61,100,62,42,56,51,62,87,74,93,100,94,74,53,83,93,66,46,54,68,66,47,40,24,9,7,5,5,9,12,6,3,4,5,7,6,4,-1,-1,-1,-1,-1,-1,-1,-1,-1,-1,-1,-1,-1,-1,-1,-1,-1,-1,-1,-1,-1,-1,-1,-1,-1,-1,-1,-1,-1,-1,-1,-1,-1,-1,-1,-1,-1,-1,-1,-1,-1,-1,-1,-1,-1,-1,-1,-1,-1,-1,-1,-1,-1,-1,-1,-1,-1,-1,-1,-1,-1,-1,-1,-1,-1,-1,-1,-1,-1,-1,-1,-1,-1,-1,-1,-1,-1,-1,-1,-1,-1,-1,-1,-1,-1,-1,-1,-1,-1,-1,-1,-1
10,-1,-1,-1,-1,-1,-1,-1,-1,-1,-1,-1,-1,-1,-1,-1,-1,-1,37,21,3,2,5,9,9,11,10,7,9,19,29,33,37,20,59,100,100,91,79,72,85,85,100,49,32,30,29,36,46,70,77,100,100,74,61,84,100,100,82,74,84,96,84,64,61,30,9,6,7,5,9,11,9,6,5,4,5,4,2,1,4,3,2,6,1,8,5,10,13,3,3,2,8,-1,-1,-1,-1,-1,-1,-1,-1,-1,-1,-1,-1,-1,-1,-1,-1,-1,-1,-1,-1,-1,-1,-1,-1,-1,-1,-1,-1,-1,-1,-1,-1,-1,-1,-1,-1,-1,-1,-1,-1,-1,-1,-1,-1,-1,-1,-1,-1,-1,-1,-1,-1,-1,-1,-1,-1,-1,-1,-1,-1,-1,-1,-1,-1,-1,-1,-1,-1,-1,-1,-1,-1,-1,-1,-1,-1,-1
11,-1,-1,-1,-1,-1,-1,-1,-1,-1,-1,-1,-1,-1,-1,-1,-1,-1,17,33,19,1,6,7,8,8,7,6,11,14,27,64,76,21,17,63,100,100,100,98,76,60,68,100,52,16,16,6,21,30,28,37,68,88,50,54,72,77,57,64,74,70,91,72,78,95,53,16,12,8,9,10,10,8,4,3,4,3,2,4,4,2,1,5,8,4,3,3,14,15,7,4,9,-1,-1,-1,-1,-1,-1,-1,-1,-1,-1,-1,-1,-1,-1,-1,-1,-1,-1,-1,-1,-1,-1,-1,-1,-1,-1,-1,-1,-1,-1,-1,-1,-1,-1,-1,-1,-1,-1,-1,-1,-1,-1,-1,-1,-1,-1,-1,-1,-1,-1,-1,-1,-1,-1,-1,-1,-1,-1,-1,-1,-1,-1,-1,-1,-1,-1,-1,-1,-1,-1,-1,-1,-1,-1,-1,-1,-1
12,-1,-1,-1,-1,-1,-1,-1,-1,-1,-1,-1,-1,-1,-1,-1,-1,-1,32,13,31,16,3,7,6,7,6,9,15,22,27,72,100,62,15,31,100,100,100,100,100,81,61,75,100,79,47,34,11,16,15,14,18,40,70,63,60,70,79,80,90,100,79,79,92,100,100,65,27,19,15,11,8,11,7,2,3,2,2,3,3,1,3,5,10,13,9,4,10,21,24,16,11,18,42,49,63,100,52,39,41,37,36,20,7,2,5,-1,-1,-1,-1,-1,-1,-1,-1,-1,-1,-1,-1,-1,-1,-1,-1,-1,-1,-1,-1,-1,-1,-1,-1,-1,-1,-1,-1,-1,-1,-1,-1,-1,-1,-1,-1,-1,-1,-1,-1,-1,-1,-1,-1,-1,-1,-1,-1,-1,-1,-1,-1,-1,-1,-1,-1,-1,-1,-1,-1,-1,-1,-1
13,-1,-1,-1,-1,-1,-1,-1,-1,-1,-1,-1,-1,-1,-1,-1,-1,-1,29,21,19,29,13,1,3,4,9,17,25,32,42,50,99,100,87,27,31,100,100,100,56,46,35,85,54,100,70,46,42,15,13,12,16,18,39,51,41,43,52,61,69,78,100,91,70,81,100,100,56,27,21,18,22,19,11,7,2,2,1,7,7,2,5,9,11,17,24,20,18,21,33,32,23,25,41,49,19,100,78,18,42,31,39,24,7,21,23,-1,-1,-1,-1,-1,-1,-1,-1,-1,-1,-1,-1,-1,-1,-1,-1,-1,-1,-1,-1,-1,-1,-1,-1,-1,-1,-1,-1,-1,-1,-1,-1,-1,-1,-1,-1,-1,-1,-1,-1,-1,-1,-1,-1,-1,-1,-1,-1,-1,-1,-1,-1,-1,-1,-1,-1,-1,-1,-1,-1,-1,-1,-1
14,-1,-1,-1,-1,-1,-1,-1,-1,-1,-1,-1,-1,-1,-1,-1,-1,-1,31,22,13,15,23,16,12,14,21,28,46,60,72,91,100,100,100,100,40,21,100,100,100,100,100,37,100,57,93,67,56,49,20,11,12,13,15,27,36,34,38,44,57,64,87,100,100,100,100,75,93,46,24,24,38,40,23,13,8,1,0,8,13,12,10,16,21,24,40,48,50,47,49,52,50,46,55,50,16,38,37,12,25,36,36,29,16,29,39,-1,-1,-1,-1,-1,-1,-1,-1,-1,-1,-1,-1,-1,-1,-1,-1,-1,-1,-1,-1,-1,-1,-1,-1,-1,-1,-1,-1,-1,-1,-1,-1,-1,-1,-1,-1,-1,-1,-1,-1,-1,-1,-1,-1,-1,-1,-1,-1,-1,-1,-1,-1,-1,-1,-1,-1,-1,-1,-1,-1,-1,-1,-1
15,-1,-1,-1,-1,-1,-1,-1,-1,-1,-1,-1,-1,-1,-1,-1,-1,-1,11,20,11,8,17,19,18,18,34,44,33,70,88,93,100,100,100,100,100,19,46,100,100,100,100,100,30,100,78,89,71,58,52,23,10,11,11,13,22,23,24,25,30,43,53,75,100,100,100,68,81,81,45,20,28,45,39,21,20,11,2,9,18,19,20,18,29,36,42,60,58,60,61,60,60,59,57,70,30,15,19,24,16,25,44,33,25,33,45,54,37,7,11,15,28,2,13,4,8,9,6,16,16,14,-1,-1,-1,-1,-1,-1,-1,-1,-1,-1,-1,-1,-1,-1,-1,-1,-1,-1,-1,-1,-1,-1,-1,-1,-1,-1,-1,-1,-1,-1,-1,-1,-1,-1,-1,-1,-1,-1,-1,-1,-1,-1,-1,-1,-1,-1,-1,-1
16,-1,-1,-1,-1,-1,-1,-1,-1,-1,-1,-1,-1,-1,-1,-1,-1,-1,10,5,10,4,14,17,9,13,41,66,59,52,90,80,91,95,100,100,100,73,42,69,100,100,100,100,100,47,100,98,73,52,64,57,29,19,16,10,10,16,21,23,26,23,21,32,54,100,100,38,74,90,89,49,19,24,34,26,22,28,18,17,25,31,34,36,40,53,60,70,76,57,60,55,50,40,34,48,72,31,49,81,56,27,57,63,50,67,78,85,91,69,7,17,16,16,3,20,36,14,7,14,19,16,-1,-1,-1,-1,-1,-1,-1,-1,-1,-1,-1,-1,-1,-1,-1,-1,-1,-1,-1,-1,-1,-1,-1,-1,-1,-1,-1,-1,-1,-1,-1,-1,-1,-1,-1,-1,-1,-1,-1,-1,-1,-1,-1,-1,-1,-1,-1,-1
17,-1,-1,-1,-1,-1,-1,-1,-1,-1,-1,-1,-1,-1,-1,-1,100,43,25,8,8,7,13,18,14,9,42,79,94,90,90,97,93,100,100,100,100,100,100,82,60,100,100,100,100,100,59,100,85,55,56,66,64,38,28,19,13,20,34,39,46,51,39,23,28,64,100,67,91,88,100,100,45,27,19,25,26,31,31,36,38,44,52,57,69,76,88,99,100,85,86,61,55,39,31,40,54,78,99,100,100,93,78,89,91,99,100,100,100,100,77,11,18,9,7,30,52,40,15,10,13,14,20,28,27,22,17,48,81,72,58,56,100,100,74,100,100,100,-1,-1,-1,-1,-1,-1,-1,-1,-1,-1,-1,-1,-1,-1,-1,-1,-1,-1,-1,-1,-1,-1,-1,-1,-1,-1,-1,-1,-1,-1,-1,-1
18,-1,-1,-1,-1,-1,-1,-1,-1,-1,-1,-1,-1,-1,-1,-1,80,45,31,12,6,7,5,14,32,31,32,57,67,68,78,100,100,100,100,100,100,74,100,100,81,32,100,100,100,100,100,42,63,56,60,60,72,62,38,47,39,16,23,27,55,53,71,55,38,29,59,90,65,95,92,100,89,35,31,37,38,44,46,41,50,47,53,59,72,87,77,91,100,100,100,78,86,61,70,37,56,100,66,93,100,100,88,86,94,81,83,100,100,99,100,61,12,14,12,20,29,31,14,23,23,22,21,28,25,28,24,34,78,68,59,64,85,100,98,100,100,100,-1,-1,-1,-1,-1,-1,-1,-1,-1,-1,-1,-1,-1,-1,-1,-1,-1,-1,-1,-1,-1,-1,-1,-1,-1,-1,-1,-1,-1,-1,-1,-1
19,-1,-1,-1,-1,-1,-1,-1,-1,-1,-1,-1,-1,-1,-1,-1,64,41,24,16,6,5,4,5,27,49,36,32,43,72,90,100,100,100,100,100,100,98,100,100,100,38,44,100,100,100,100,100,69,66,93,96,78,68,59,63,73,38,24,32,58,83,59,100,88,64,57,46,72,79,100,96,88,77,70,66,63,67,73,67,66,70,67,67,75,91,53,100,100,100,100,100,97,67,88,95,100,100,96,66,97,100,100,99,94,83,100,100,86,68,68,88,48,21,18,8,25,23,26,28,28,30,17,18,16,19,26,40,58,55,48,60,97,100,100,100,100,66,-1,-1,-1,-1,-1,-1,-1,-1,-1,-1,-1,-1,-1,-1,-1,-1,-1,-1,-1,-1,-1,-1,-1,-1,-1,-1,-1,-1,-1,-1,-1,-1
20,-1,-1,-1,-1,-1,-1,-1,-1,-1,-1,-1,-1,-1,-1,-1,37,28,12,16,9,7,9,2,32,60,18,40,55,80,88,97,100,100,100,100,100,39,36,100,100,50,45,39,100,100,100,100,100,61,100,100,100,100,76,71,77,60,17,19,49,15,100,100,88,69,69,71,88,76,88,100,100,98,76,70,75,81,79,77,76,58,60,61,61,68,55,77,68,82,100,100,78,57,77,100,100,100,100,89,100,100,100,100,100,94,100,100,78,68,55,71,74,46,22,12,6,3,8,16,20,20,17,11,22,31,29,30,54,66,68,45,69,77,89,100,100,21,100,100,69,14,10,53,46,29,16,7,8,7,3,1,1,-1,-1,-1,-1,-1,-1,-1,-1,-1,-1,-1,-1,-1,-1,-1,-1,-1
21,-1,-1,-1,-1,-1,-1,-1,-1,-1,-1,-1,-1,-1,-1,-1,6,9,6,9,13,12,17,14,43,78,9,70,74,100,100,100,100,100,100,100,73,16,22,81,100,19,57,32,80,100,100,100,60,76,100,100,100,100,100,89,86,50,20,25,100,100,100,100,100,100,100,100,100,100,79,92,100,100,86,65,68,81,81,67,71,43,81,78,83,83,68,66,62,30,59,61,53,23,85,100,94,100,100,92,91,100,100,100,100,100,100,100,86,68,52,63,57,60,37,18,10,12,16,9,10,14,8,7,24,48,51,31,41,63,88,65,93,100,100,100,100,28,100,100,100,39,58,35,61,55,36,25,26,27,21,6,3,-1,-1,-1,-1,-1,-1,-1,-1,-1,-1,-1,-1,-1,-1,-1,-1,-1
22,-1,-1,-1,-1,-1,-1,-1,-1,-1,-1,-1,-1,-1,-1,-1,7,4,6,8,12,12,19,17,39,73,47,58,76,100,100,100,100,100,100,100,100,39,7,58,81,13,68,36,61,90,100,100,100,69,100,100,100,100,100,99,89,94,38,55,69,100,100,100,100,100,100,100,100,100,100,100,100,100,100,75,75,84,90,75,67,52,61,61,59,72,74,71,44,28,39,22,25,47,90,100,100,100,100,94,96,100,100,100,100,100,100,100,84,60,40,53,51,49,48,30,14,10,17,25,6,13,3,11,11,44,66,54,44,47,83,100,87,100,100,100,100,91,100,81,92,85,24,78,33,71,54,38,36,35,42,27,9,4,3,3,1,0,0,0,0,0,0,0,0,0,0,-1,-1,-1
23,-1,-1,-1,-1,-1,-1,-1,-1,-1,-1,-1,-1,-1,-1,-1,8,6,15,36,39,31,38,32,14,40,58,46,38,55,100,100,100,100,100,100,100,100,35,23,57,41,41,44,26,81,100,73,65,69,63,100,100,100,100,100,100,78,100,7,100,100,100,100,100,100,70,100,100,100,100,100,100,100,91,69,63,86,88,77,65,51,56,57,35,17,48,61,29,18,22,27,37,12,63,100,89,100,91,100,100,100,100,100,100,100,100,100,75,61,49,37,45,57,52,38,24,6,18,12,17,5,4,21,15,26,58,70,67,60,76,86,100,100,78,100,100,100,100,75,48,77,52,26,55,37,39,25,28,40,31,56,40,20,16,16,18,16,15,15,7,2,1,0,0,0,0,-1,-1,-1
24,-1,-1,-1,-1,-1,-1,-1,-1,-1,-1,-1,-1,-1,-1,-1,27,30,31,64,86,78,74,65,33,20,19,45,64,60,72,66,84,71,100,100,100,100,68,27,32,8,32,24,21,34,87,100,100,99,88,59,94,100,100,100,100,100,75,77,100,100,100,100,100,100,100,56,100,100,100,100,100,100,68,83,72,68,85,75,67,40,60,58,32,48,10,54,39,15,43,63,81,96,100,100,97,94,84,100,100,100,100,100,100,100,100,100,82,55,42,27,16,44,58,42,33,16,16,23,12,5,14,26,31,35,47,76,96,100,100,77,100,100,100,100,100,100,100,67,37,38,47,47,10,37,36,34,37,49,57,35,72,59,42,40,42,44,42,41,27,10,4,2,0,0,0,0,0,0
25,-1,-1,-1,-1,-1,-1,-1,-1,-1,-1,-1,-1,-1,-1,-1,19,25,24,56,48,68,58,54,35,30,16,17,47,52,57,100,100,84,44,20,44,61,56,9,24,15,27,16,20,17,53,46,32,30,100,100,87,78,100,100,100,100,80,71,91,100,100,44,97,91,100,100,77,100,100,100,100,100,100,73,58,56,76,64,56,46,54,65,64,38,72,31,10,35,63,59,94,84,100,100,77,90,83,100,100,100,100,100,100,100,100,98,89,71,46,46,12,26,56,35,27,27,5,12,8,8,16,31,31,48,49,35,75,58,67,65,100,100,100,93,100,100,85,35,22,30,34,43,29,22,21,20,20,23,40,59,41,59,43,34,33,36,29,26,47,42,21,18,15,14,14,14,13,13
26,-1,-1,-1,-1,-1,-1,-1,-1,-1,-1,-1,-1,-1,-1,-1,21,17,30,61,90,70,47,41,42,42,24,5,13,34,42,100,100,82,100,68,9,24,17,14,13,23,29,14,24,14,43,39,97,100,8,100,100,100,100,86,73,91,100,54,57,82,53,34,51,59,67,84,100,60,100,100,100,100,87,100,83,47,46,64,60,53,65,69,72,76,69,100,99,100,100,91,98,93,84,95,83,100,100,100,100,100,100,100,100,100,100,100,92,91,27,100,64,38,50,35,21,21,15,7,7,11,19,35,36,46,59,26,45,62,100,92,100,100,100,51,48,75,84,24,24,14,20,21,12,13,13,12,12,12,18,39,57,40,24,25,31,33,39,51,32,67,61,54,51,49,48,48,47,47
27,-1,-1,-1,-1,-1,-1,-1,-1,-1,-1,-1,-1,27,20,20,25,16,24,16,48,73,57,18,14,30,37,20,15,32,27,15,93,100,29,90,38,13,10,6,9,16,27,24,20,25,22,68,47,100,100,50,100,88,90,91,67,80,92,100,60,80,53,33,28,30,49,68,84,100,65,100,100,100,100,80,100,87,53,100,100,83,34,55,29,26,88,92,100,100,100,100,100,100,93,100,84,100,62,66,72,78,98,100,100,97,100,100,92,79,53,60,83,57,49,31,20,21,16,11,11,12,23,38,38,52,60,32,35,52,100,51,100,100,100,63,22,37,87,53,5,17,7,16,7,9,9,9,10,10,10,13,33,44,29,18,23,27,27,39,63,38,74,64,60,60,58,59,58,57
28,-1,-1,-1,-1,-1,-1,-1,-1,-1,-1,-1,-1,14,23,34,34,34,40,11,14,47,63,35,34,41,18,25,20,58,56,40,48,37,29,62,69,34,10,9,17,17,11,19,17,33,39,19,67,63,85,34,48,55,47,55,53,72,97,59,71,47,27,12,4,5,11,60,78,89,100,70,69,89,100,100,89,100,46,100,100,89,100,96,78,92,14,76,92,84,100,100,100,92,89,79,95,100,56,47,29,52,90,100,100,94,66,82,64,38,44,3,56,55,49,31,17,21,22,14,8,9,20,38,36,45,55,16,46,55,100,70,41,100,95,100,81,28,41,63,35,10,2,14,8,6,6,6,7,7,7,7,11,21,26,18,19,22,23,23,41,65,39,41,51,49,50,50,48,48
29,-1,-1,-1,-1,-1,-1,-1,-1,-1,-1,-1,-1,16,32,49,52,52,54,36,17,29,63,72,10,56,43,13,6,41,76,20,66,57,32,30,46,59,45,28,28,34,42,25,15,23,47,56,17,57,53,26,18,13,31,35,40,44,67,89,68,27,15,21,20,18,19,17,66,78,85,100,88,64,100,100,100,57,100,100,100,100,73,100,100,100,100,76,94,100,100,100,100,100,77,100,100,100,84,58,29,46,82,100,100,100,78,65,36,39,33,26,14,34,47,31,18,19,22,22,12,9,17,35,35,42,54,5,41,57,100,100,72,25,94,100,100,53,12,20,48,37,16,10,5,5,5,5,5,5,5,6,6,7,13,18,18,18,18,19,19,32,51,52,55,55,55,55,54,53
30,-1,-1,-1,-1,-1,-1,-1,-1,-1,-1,-1,-1,16,32,27,40,49,44,23,34,41,35,52,56,15,46,36,12,13,38,17,60,44,25,25,46,63,38,26,24,49,42,57,39,51,70,34,55,18,42,42,22,33,10,25,29,11,7,31,51,30,14,23,21,15,17,15,23,62,72,79,93,76,66,100,100,100,34,100,100,100,17,100,58,100,80,100,100,100,100,100,100,67,100,100,100,100,100,86,21,30,80,58,100,100,81,62,60,28,32,39,21,11,39,21,21,20,23,21,14,10,17,34,31,34,43,22,25,41,68,92,100,100,100,100,93,80,33,23,18,51,39,24,17,14,14,14,14,14,14,14,14,14,13,10,10,10,10,10,10,10,7,7,8,9,9,14,24,23
31,-1,-1,-1,-1,-1,-1,-1,-1,-1,-1,-1,-1,27,36,49,43,23,24,27,47,49,54,47,28,32,8,41,30,17,20,39,62,35,24,30,44,66,34,25,33,55,71,27,60,10,81,86,31,37,15,42,32,39,44,16,26,14,32,24,16,36,15,26,24,17,15,13,11,21,58,69,73,86,73,56,74,100,90,52,100,100,93,97,21,100,100,100,100,100,100,100,100,30,100,100,100,100,100,100,100,58,74,52,97,76,62,55,50,43,27,44,36,15,21,12,28,19,23,19,8,8,14,33,26,24,29,12,19,30,58,56,100,100,86,100,100,77,69,20,31,26,58,55,44,39,39,39,39,39,39,39,39,39,39,39,39,39,39,39,39,39,39,39,39,39,39,33,12,8
32,-1,-1,-1,-1,-1,-1,-1,-1,-1,-1,-1,-1,13,16,24,49,48,16,12,27,31,26,35,42,23,30,13,33,10,24,22,45,76,33,25,22,61,54,25,48,86,84,31,48,45,22,74,54,22,15,34,40,20,45,33,19,23,23,33,15,27,10,29,22,13,14,15,13,8,29,53,50,56,83,66,54,70,100,61,72,52,68,93,51,48,100,100,100,100,100,87,75,55,91,100,100,100,100,100,100,97,67,64,85,66,60,50,41,43,30,37,33,17,15,18,30,24,15,24,20,8,7,24,32,36,40,38,24,32,43,54,100,100,100,100,100,100,75,52,5,46,27,53,43,36,36,36,36,36,36,36,36,36,36,36,36,36,36,36,36,36,36,36,36,31,28,-1,-1,-1
33,-1,-1,-1,-1,-1,-1,-1,-1,-1,-1,-1,-1,7,3,7,23,60,53,7,19,11,16,7,29,34,20,25,2,5,21,35,60,42,76,42,26,49,38,35,27,100,100,47,33,31,20,36,59,31,26,34,37,28,22,27,15,17,17,25,22,14,17,40,30,10,14,14,14,9,17,29,31,31,54,79,52,76,91,89,36,59,89,62,5,27,100,100,100,100,100,65,92,60,86,100,100,100,100,100,100,65,85,85,92,77,64,53,54,44,29,30,32,18,15,13,36,27,20,15,30,26,14,17,23,39,47,44,47,25,39,33,100,100,100,60,80,100,92,51,34,11,56,39,35,41,41,41,41,42,42,42,42,42,42,42,42,42,42,42,42,42,42,42,42,44,58,-1,-1,-1
34,-1,-1,-1,-1,-1,-1,-1,-1,-1,-1,-1,-1,9,0,7,6,45,62,31,39,19,9,17,11,38,31,21,26,24,25,12,48,52,51,65,45,39,41,34,12,66,100,70,20,9,1,30,26,54,51,41,37,29,20,24,18,22,21,27,20,13,25,45,43,18,17,11,16,12,16,24,22,25,33,55,79,54,86,79,73,77,100,100,100,58,100,100,100,100,100,100,100,85,100,100,100,100,100,100,100,84,91,86,93,84,64,60,49,46,34,30,25,17,14,4,28,36,26,18,20,34,26,18,21,36,51,49,51,57,30,56,100,100,100,8,54,54,100,68,36,23,18,41,37,34,35,35,33,33,35,35,35,35,35,35,35,35,35,35,35,35,35,35,35,38,40,-1,-1,-1
35,-1,-1,-1,-1,-1,-1,-1,-1,-1,-1,-1,-1,3,9,22,10,25,46,86,100,65,17,21,5,21,24,15,19,21,20,15,21,31,25,50,51,70,71,77,30,34,86,47,12,28,14,36,100,97,28,21,33,45,33,26,28,32,42,33,26,17,23,40,39,23,16,16,20,19,14,14,23,21,31,37,61,78,54,55,61,91,100,85,100,92,97,100,100,100,100,100,100,100,100,100,100,100,100,100,100,100,83,90,93,92,81,74,81,86,39,27,30,15,14,5,19,31,39,29,13,23,24,16,22,48,60,69,73,73,90,34,100,100,85,100,43,23,71,74,41,24,5,16,13,10,12,13,10,6,7,8,8,8,8,8,8,8,8,8,8,8,8,8,8,10,11,-1,-1,-1
36,-1,-1,-1,-1,-1,-1,-1,-1,-1,-1,-1,-1,5,17,31,29,30,25,96,100,100,49,28,6,16,12,13,17,12,13,11,12,14,30,31,51,92,40,100,74,17,55,16,21,33,39,45,100,100,100,35,20,46,53,39,30,35,44,48,31,21,28,38,32,17,15,20,27,29,27,24,16,21,23,31,38,53,74,75,74,91,100,100,100,100,100,100,100,100,96,100,100,80,100,100,100,100,100,100,100,91,75,78,92,84,80,78,90,100,74,36,21,18,11,11,23,25,34,40,22,10,8,9,15,40,63,62,78,81,93,97,100,100,100,100,100,50,13,27,40,26,4,4,2,2,2,4,3,6,8,6,5,5,5,5,5,5,5,5,5,5,5,5,5,2,1,-1,-1,-1
37,-1,-1,-1,-1,-1,-1,-1,-1,-1,-1,-1,-1,8,10,25,24,8,25,74,100,100,61,25,26,19,25,22,16,14,14,28,20,12,20,32,18,44,94,39,93,32,42,28,22,33,42,34,43,100,94,17,37,73,23,57,37,29,37,41,38,23,25,34,37,26,16,22,33,19,30,21,24,20,20,17,25,26,43,74,73,67,90,100,100,93,100,100,100,100,100,85,97,100,100,100,100,100,100,100,94,100,97,79,96,76,65,58,50,68,42,19,11,6,7,11,17,20,22,31,27,10,14,14,21,42,60,48,59,66,71,62,100,100,100,100,100,72,24,9,31,29,6,3,2,2,2,2,5,4,6,5,4,4,4,4,4,4,4,4,4,4,4,4,4,15,14,-1,-1,-1
38,-1,-1,-1,-1,-1,-1,-1,-1,-1,-1,-1,-1,6,10,17,13,10,5,47,89,55,34,40,24,14,22,30,26,14,15,38,53,32,17,29,26,16,42,90,48,37,7,11,11,25,69,73,56,46,43,42,21,91,99,15,47,35,34,37,33,32,21,31,35,34,29,34,41,21,40,39,24,19,23,32,22,16,19,49,78,72,74,87,92,93,90,91,99,100,100,100,81,93,90,92,100,100,100,89,92,100,100,100,100,90,66,59,49,47,31,6,8,3,3,5,9,11,12,14,18,19,12,28,35,60,72,56,53,64,78,63,100,100,100,76,96,69,50,27,23,22,10,3,2,3,3,3,2,5,5,5,5,5,5,5,5,5,5,5,5,5,5,6,8,25,44,-1,-1,-1
39,-1,-1,-1,-1,-1,-1,-1,-1,-1,-1,9,9,5,8,12,19,3,14,2,46,54,39,27,23,7,6,16,37,31,18,31,56,44,25,26,19,15,9,41,63,38,10,6,3,31,33,73,49,28,20,32,67,33,100,52,38,34,26,31,27,23,34,21,32,33,31,29,37,38,26,39,26,17,18,28,31,21,18,18,49,61,60,74,72,76,95,75,74,100,100,100,84,95,90,88,80,96,98,88,62,85,99,79,77,64,52,41,37,30,24,9,3,4,3,15,17,12,11,10,9,16,10,26,26,56,83,73,66,38,46,95,100,100,100,60,77,53,55,38,26,17,7,6,5,5,4,4,6,3,1,1,1,1,1,1,1,1,1,1,1,1,2,10,8,29,29,-1,-1,-1
40,-1,-1,-1,-1,-1,-1,-1,-1,-1,-1,4,6,5,9,13,11,12,4,1,15,16,8,4,10,5,3,3,18,46,39,19,40,24,36,35,20,20,15,15,30,34,18,8,9,34,81,42,50,25,8,21,43,78,25,19,39,39,21,24,19,14,27,36,24,26,25,37,44,31,26,35,23,18,17,20,24,22,16,12,17,33,41,49,65,63,93,100,95,100,100,100,94,100,100,100,84,86,93,96,79,60,77,55,42,36,23,18,15,20,15,7,4,14,15,21,38,19,11,8,8,8,3,23,25,30,63,82,82,45,59,37,20,100,100,38,60,38,43,46,38,28,15,14,14,13,13,12,15,18,15,14,14,14,14,14,14,14,14,14,17,20,20,33,45,18,71,-1,-1,-1
41,-1,-1,-1,-1,-1,-1,-1,-1,-1,-1,3,2,3,4,10,13,8,5,8,12,7,3,6,1,6,2,1,2,25,47,27,26,12,32,42,32,18,17,16,15,20,24,15,9,13,67,91,46,32,19,30,31,60,75,71,70,56,34,25,14,11,18,28,34,21,20,24,46,44,36,31,22,18,18,19,17,15,15,10,10,9,21,32,38,55,58,79,92,100,100,100,81,88,100,100,100,69,75,83,79,75,57,45,28,22,16,12,12,13,8,3,2,13,22,7,37,34,12,5,3,7,9,26,32,34,34,66,97,60,65,54,74,100,63,60,43,39,24,34,49,41,27,25,24,24,24,23,24,29,32,31,31,31,30,30,30,30,31,31,33,39,42,52,59,-1,-1,-1,-1,-1
42,-1,-1,-1,-1,-1,-1,-1,-1,-1,-1,8,3,3,3,0,8,14,9,5,5,8,2,4,4,8,2,3,7,10,23,30,8,19,4,17,19,10,2,4,9,18,18,11,17,16,20,73,77,30,43,65,69,57,31,63,77,42,27,17,23,8,12,19,23,22,12,9,23,26,22,23,27,18,27,32,22,18,16,11,6,7,7,18,24,31,17,20,27,23,36,60,48,43,52,67,74,52,41,50,40,37,32,10,10,18,18,13,11,12,12,5,5,1,13,8,24,27,16,4,12,14,10,19,28,51,48,27,66,50,100,89,14,100,80,29,47,77,64,19,17,22,23,25,25,25,26,26,20,18,21,21,20,21,20,20,20,20,27,29,20,30,27,28,27,-1,-1,-1,-1,-1
43,-1,-1,-1,-1,-1,-1,-1,-1,-1,-1,15,7,3,3,4,2,12,15,11,7,5,0,1,5,9,4,5,6,11,14,9,15,8,7,2,4,8,4,9,4,13,21,24,47,30,27,26,74,78,88,99,93,76,67,94,100,100,43,32,13,7,8,15,15,15,16,14,12,13,13,14,19,23,28,38,34,23,19,13,2,7,11,11,17,22,11,9,6,8,12,12,34,29,29,33,41,48,42,34,30,23,18,4,16,8,14,15,12,11,13,11,9,7,3,6,14,15,13,10,16,22,11,5,17,45,66,38,35,62,100,100,64,50,42,12,24,74,99,29,45,36,35,39,38,38,38,39,38,29,27,27,27,27,27,27,27,27,23,17,20,39,47,50,52,-1,-1,-1,-1,-1
44,-1,-1,-1,-1,-1,-1,-1,-1,-1,-1,13,8,1,1,2,7,5,14,10,6,6,2,2,1,6,6,3,4,4,9,15,4,10,5,3,3,7,8,6,8,6,23,28,38,38,27,49,37,84,75,87,96,79,70,73,100,100,56,25,18,12,7,9,9,4,6,9,8,7,6,10,14,19,9,17,29,27,16,9,8,8,13,18,21,26,22,11,11,17,15,3,19,16,15,18,19,25,27,22,19,19,16,11,6,12,11,15,13,12,12,15,11,8,9,11,14,13,8,15,19,14,5,18,13,47,65,42,27,83,100,100,56,32,12,32,10,39,86,73,22,30,29,29,29,29,21,18,41,34,20,19,19,19,19,12,8,8,30,26,15,10,26,24,25,-1,-1,-1,-1,-1
45,-1,-1,-1,-1,-1,-1,-1,-1,-1,-1,6,7,2,0,0,3,8,5,4,7,6,5,5,1,2,3,2,1,1,2,10,17,6,9,3,3,7,7,7,6,5,13,30,33,31,41,52,49,35,47,62,53,49,54,56,56,46,56,17,10,11,11,8,7,3,4,1,3,4,4,8,18,20,10,5,21,35,30,21,19,22,21,28,39,41,34,31,10,22,24,5,12,9,4,7,10,11,15,18,18,21,20,13,7,5,9,14,11,11,14,25,20,13,14,8,9,10,7,11,25,28,30,46,39,54,75,31,20,69,100,100,62,19,14,38,25,25,58,64,55,42,40,40,40,40,48,60,36,34,24,16,15,15,15,14,23,27,15,37,22,12,4,5,4,-1,-1,-1,-1,-1
46,-1,-1,-1,-1,-1,-1,-1,-1,-1,-1,12,7,5,3,0,0,3,5,7,7,4,5,9,7,1,1,1,0,1,2,4,13,15,5,8,6,6,4,4,8,9,6,10,25,31,35,43,37,35,42,53,51,48,48,53,54,51,26,22,6,8,5,7,8,2,7,2,2,3,5,6,16,27,23,13,11,33,45,38,31,32,34,36,45,54,47,41,38,5,27,15,11,11,5,9,8,10,14,19,16,21,28,21,12,11,14,18,12,9,7,19,25,21,12,5,8,3,6,7,26,40,38,56,77,80,84,51,18,86,100,100,77,10,28,48,26,28,40,41,52,47,45,49,49,50,52,65,65,16,27,19,16,11,11,28,26,33,20,15,30,13,4,2,0,-1,-1,-1,-1,-1
47,-1,-1,-1,-1,-1,-1,-1,-1,-1,-1,5,8,2,3,1,1,1,2,4,6,3,11,6,10,6,8,7,3,3,3,2,7,13,15,4,16,13,5,3,6,12,10,4,7,51,62,51,32,26,25,33,25,11,12,32,37,29,23,16,17,2,3,3,7,6,2,7,11,12,15,15,13,28,39,36,30,37,57,58,54,54,52,51,44,51,54,45,46,45,10,15,4,8,6,8,21,19,12,19,10,27,22,22,15,11,11,18,25,19,12,4,11,20,14,28,32,9,5,7,30,53,18,40,57,99,90,64,43,78,100,100,81,23,42,89,61,32,42,24,35,20,35,31,27,27,27,25,36,23,24,8,10,29,51,20,69,61,31,16,13,12,2,2,0,-1,-1,-1,-1,-1
48,-1,-1,-1,-1,-1,-1,-1,-1,14,12,9,3,5,3,0,1,2,2,2,5,2,13,15,3,9,15,17,12,2,5,4,6,9,14,14,15,26,16,7,6,9,14,8,7,65,100,100,42,24,25,24,21,18,24,9,29,25,15,12,9,10,4,1,3,6,9,18,24,30,34,39,38,37,51,63,70,75,83,96,99,100,99,88,70,62,53,53,52,59,55,20,6,6,4,4,14,25,17,16,7,23,36,23,11,16,15,16,30,37,25,16,14,13,21,36,64,39,10,13,43,66,36,49,45,72,100,68,53,40,100,100,100,50,21,92,93,58,49,27,18,10,43,55,49,45,45,45,43,32,24,9,16,37,74,64,33,95,52,17,20,8,0,0,0,-1,-1,-1,-1,-1
49,-1,-1,-1,-1,-1,-1,-1,-1,11,9,8,5,6,2,1,3,7,5,5,6,6,5,11,3,15,13,17,11,5,7,1,4,8,11,5,20,19,29,17,19,21,21,59,63,100,100,81,100,40,25,26,18,18,18,17,10,20,14,7,5,8,7,1,4,3,7,11,23,25,32,36,34,36,49,68,72,83,84,66,77,75,91,84,86,60,82,72,44,36,45,56,17,6,6,0,9,10,28,19,15,5,12,7,19,12,21,20,24,27,39,26,22,18,19,26,48,70,50,14,23,56,32,72,46,56,94,75,53,41,100,100,53,93,25,63,90,59,51,41,21,16,15,34,29,25,26,26,27,28,19,23,40,29,43,59,39,60,55,3,16,6,2,8,8,-1,-1,-1,-1,-1
50,-1,-1,-1,-1,-1,-1,-1,-1,12,6,4,5,6,4,1,1,9,10,4,9,7,6,3,10,21,3,31,21,11,10,4,1,13,27,22,8,21,28,36,39,48,47,79,100,66,100,100,67,89,62,44,29,16,16,12,10,5,12,10,4,4,4,2,3,5,6,6,13,19,23,28,26,34,48,67,74,80,84,68,100,100,100,100,78,62,86,100,56,46,43,29,38,11,7,4,9,18,15,30,16,17,14,27,39,20,23,26,27,31,30,41,35,31,28,25,29,58,84,53,18,30,44,94,74,39,69,59,52,41,100,100,18,100,100,60,90,70,57,39,31,22,17,13,12,15,15,15,14,9,6,32,60,9,80,61,18,14,12,4,7,4,5,24,30,-1,-1,-1,-1,-1
51,-1,-1,-1,-1,-1,-1,-1,-1,10,5,2,5,5,2,1,2,4,10,9,6,12,11,1,8,20,7,19,14,7,8,4,5,7,25,35,23,24,22,40,42,52,66,73,100,100,100,100,100,100,60,33,65,38,25,25,15,8,3,9,6,3,3,2,6,10,1,7,14,16,24,29,32,30,45,67,69,78,89,57,100,90,100,100,100,71,84,79,100,46,39,16,37,23,3,6,6,18,18,18,25,7,18,16,33,45,17,25,22,25,36,32,37,36,35,35,33,40,70,91,47,15,22,54,79,12,58,37,40,30,100,100,53,100,100,88,93,64,64,62,41,25,13,11,10,10,9,9,9,7,5,24,57,29,44,69,25,22,13,7,1,9,7,21,18,-1,-1,-1,-1,-1
52,-1,-1,-1,-1,-1,-1,-1,-1,2,1,1,4,6,1,5,2,1,4,9,9,11,20,12,4,10,5,18,11,18,19,9,15,10,12,29,25,21,32,45,55,51,66,89,96,100,100,73,88,94,34,78,33,72,49,74,72,25,4,3,4,2,5,6,4,24,22,5,15,16,20,28,34,41,43,53,55,82,75,84,100,98,78,100,100,100,100,100,78,100,32,29,48,29,9,4,12,20,24,24,11,5,23,33,54,28,39,16,16,17,35,44,38,45,47,48,54,43,42,66,66,23,62,82,50,55,99,40,31,47,100,100,62,100,76,39,46,64,68,69,64,30,14,8,6,6,2,2,2,3,2,35,63,22,41,56,10,24,10,3,10,31,26,37,55,-1,-1,-1,-1,-1
53,-1,-1,-1,-1,-1,-1,-1,-1,5,3,3,3,8,3,4,4,1,1,3,9,6,20,24,10,8,7,18,19,19,34,31,28,28,22,22,27,27,47,64,72,74,74,100,100,100,100,100,100,83,32,63,66,41,51,100,100,100,32,0,2,2,2,6,5,23,34,26,18,21,23,26,37,46,40,47,58,72,79,86,100,89,73,64,83,100,100,100,100,49,65,54,57,41,14,7,17,25,25,28,29,29,35,8,55,57,23,35,25,20,17,36,41,43,51,52,54,56,40,40,45,46,70,100,100,100,100,88,32,57,100,100,65,100,66,34,63,84,89,39,67,48,17,9,5,5,4,5,4,4,14,33,76,38,40,64,13,26,13,2,11,35,-1,-1,-1,-1,-1,-1,-1,-1
54,-1,-1,-1,-1,-1,-1,-1,-1,2,1,2,4,3,2,5,4,1,2,5,9,6,12,25,16,5,32,30,12,24,50,46,46,41,44,30,26,35,68,71,74,91,93,87,84,88,85,100,100,72,100,47,22,68,77,100,100,100,100,18,3,3,1,2,6,12,30,27,24,16,28,29,30,43,41,53,58,71,76,42,56,52,37,30,17,38,100,100,96,40,57,61,56,43,23,8,8,19,17,18,21,22,26,29,11,36,36,36,42,32,33,21,12,13,14,39,39,59,65,47,34,38,44,79,54,82,63,100,84,27,100,100,100,87,100,55,21,78,80,28,55,61,43,20,11,13,8,8,12,36,22,67,52,57,16,47,28,16,6,24,11,40,-1,-1,-1,-1,-1,-1,-1,-1
55,-1,-1,-1,-1,-1,-1,-1,-1,11,5,2,4,5,6,8,6,1,4,5,9,6,12,20,21,15,62,90,84,79,85,83,82,73,69,60,37,35,47,90,95,100,100,100,100,100,100,100,100,100,76,100,89,100,100,100,100,100,75,61,21,5,3,2,2,7,18,21,24,18,28,35,29,34,38,57,58,71,78,56,30,30,21,15,16,23,45,100,100,31,46,46,56,37,19,13,5,6,7,10,10,10,9,22,26,23,25,29,53,59,61,61,50,44,40,9,32,40,64,68,47,32,28,36,35,100,100,34,100,47,100,100,44,47,72,100,54,48,87,34,55,49,52,44,6,25,9,11,15,39,54,23,100,57,15,14,7,7,24,51,18,40,-1,-1,-1,-1,-1,-1,-1,-1
56,-1,-1,-1,-1,-1,-1,-1,-1,12,5,3,4,4,4,6,9,4,4,3,7,8,13,22,31,36,50,67,86,83,80,73,72,87,73,70,54,29,30,35,58,61,79,76,63,81,87,95,100,100,99,83,100,100,100,100,100,100,43,73,25,4,5,3,9,23,23,21,29,26,18,31,35,28,34,49,33,37,50,33,18,22,16,17,18,17,20,88,100,61,38,48,53,41,21,15,11,6,4,4,12,17,16,20,36,21,34,40,41,64,56,55,68,55,48,46,12,10,20,46,39,19,33,26,43,31,100,69,88,63,81,100,100,90,55,88,90,11,65,62,34,57,51,48,26,19,20,4,19,41,53,2,69,47,3,10,10,11,29,26,43,7,-1,-1,-1,-1,-1,-1,-1,-1
57,-1,-1,-1,-1,-1,-1,-1,-1,7,4,2,5,6,6,8,5,6,3,5,5,2,7,27,46,60,37,86,71,75,78,87,97,76,50,43,41,30,33,31,17,29,34,39,35,46,69,73,100,100,100,97,69,100,100,100,100,80,69,43,29,3,2,4,14,41,50,43,47,48,41,31,30,33,39,51,41,16,21,9,10,2,10,10,21,22,35,67,80,68,38,39,55,43,29,21,14,13,11,9,26,48,51,50,59,43,41,42,41,55,45,57,48,63,52,65,59,31,21,3,20,13,25,43,27,94,72,54,91,62,63,98,100,100,78,48,51,34,19,39,37,32,59,47,25,13,14,14,17,53,59,11,61,36,13,18,34,43,12,51,30,23,-1,-1,-1,-1,-1,-1,-1,-1
58,-1,-1,-1,-1,-1,-1,-1,-1,12,9,2,4,6,4,4,10,8,4,9,7,8,15,19,39,70,46,63,72,67,71,69,81,90,67,40,35,24,25,26,28,9,21,19,23,26,40,54,72,100,100,99,97,64,100,93,97,100,68,24,11,4,9,10,5,43,63,61,62,56,53,68,35,41,24,36,48,34,16,10,18,17,5,4,9,21,39,68,58,37,40,7,50,37,25,23,18,16,18,17,16,52,71,73,78,73,45,54,52,54,51,53,63,50,62,63,74,67,41,32,13,13,15,31,34,39,97,100,100,68,49,91,100,100,74,32,6,12,2,23,38,16,44,48,23,15,22,6,33,33,80,22,58,53,2,35,18,55,33,24,49,29,-1,-1,-1,-1,-1,-1,-1,-1
59,-1,-1,-1,-1,-1,-1,-1,-1,9,13,9,2,4,2,6,2,10,8,21,27,18,31,17,67,56,49,74,73,52,53,38,38,55,66,44,32,29,30,34,20,25,9,17,15,15,17,27,39,58,100,100,100,100,63,100,94,68,59,23,5,14,18,31,15,28,63,55,60,38,73,57,49,41,40,34,7,20,17,33,29,11,9,6,6,14,43,76,72,40,35,8,47,38,20,22,17,17,15,23,13,27,52,48,55,60,56,70,84,86,56,52,58,67,54,56,55,71,63,42,43,21,7,4,10,9,55,91,100,70,17,69,100,100,41,99,64,16,17,19,40,22,59,60,33,18,32,46,16,87,49,54,14,54,40,2,50,27,42,17,25,37,-1,-1,-1,-1,-1,-1,-1,-1
60,-1,-1,-1,-1,-1,2,2,5,5,14,15,7,1,4,9,9,2,10,19,33,35,39,44,24,91,82,81,75,55,42,33,20,27,45,55,32,35,18,36,32,13,15,4,11,12,13,12,22,34,55,100,100,100,100,44,93,62,31,23,4,18,13,42,48,49,61,70,70,34,78,92,65,36,49,76,68,43,22,18,37,30,11,5,11,15,51,94,95,70,54,10,52,37,24,20,16,16,14,18,24,18,30,39,50,59,69,73,82,100,79,53,47,59,70,57,43,50,65,63,58,56,33,16,19,31,36,62,100,80,17,21,100,100,100,100,100,56,37,19,44,22,78,84,51,33,40,58,37,61,100,58,14,17,46,44,9,56,35,20,6,20,-1,-1,-1,-1,-1,-1,-1,-1
61,-1,-1,-1,-1,-1,6,5,8,5,10,15,8,6,7,12,7,10,10,1,16,31,46,37,36,82,42,38,50,39,27,10,6,16,34,43,45,23,37,10,20,13,14,13,1,5,7,4,8,20,14,36,94,100,99,41,76,80,48,27,11,7,5,39,47,62,60,76,89,52,51,76,43,25,83,67,42,73,63,54,30,32,19,7,19,24,47,100,79,35,38,22,58,33,10,18,16,15,26,33,16,18,22,51,55,87,100,90,73,90,89,68,51,57,66,57,48,46,54,63,53,49,52,28,14,22,31,67,100,77,17,19,100,100,100,87,100,56,32,44,75,29,79,93,65,41,34,45,48,16,76,71,16,35,32,41,33,23,37,16,11,5,-1,-1,-1,-1,-1,-1,-1,-1
62,-1,-1,-1,-1,-1,14,2,9,6,8,9,4,8,4,12,7,13,17,9,9,11,41,39,35,88,50,15,27,30,24,5,14,9,26,31,36,41,29,46,21,7,9,12,11,3,5,2,2,2,10,13,27,100,100,48,62,60,61,40,15,6,12,31,42,55,64,62,100,100,54,58,37,14,60,100,100,100,100,27,77,38,16,12,22,34,74,100,84,48,71,59,60,42,2,7,12,14,30,49,28,8,15,40,63,83,100,100,91,82,81,81,74,63,66,57,51,44,51,48,41,32,34,36,15,18,13,61,100,80,25,10,100,100,100,49,67,31,15,50,97,54,96,100,75,57,38,34,32,16,17,34,35,7,49,38,23,14,10,25,17,4,-1,-1,-1,-1,-1,-1,-1,-1
63,-1,-1,-1,-1,-1,17,10,6,11,6,11,5,7,3,11,10,5,20,32,21,9,37,50,25,81,54,23,17,21,31,9,21,16,40,26,16,26,49,24,44,20,8,9,10,17,13,9,8,4,31,31,20,52,100,70,45,52,50,48,26,12,18,36,29,46,65,31,100,95,57,35,17,1,19,77,86,99,100,74,51,53,13,15,41,55,37,95,100,31,71,53,55,37,7,3,11,17,14,39,48,16,12,24,45,48,90,100,100,79,76,75,83,78,60,63,55,53,46,52,41,33,29,30,29,15,11,52,100,55,31,20,85,100,94,72,54,22,9,35,78,100,62,100,83,63,61,45,41,16,9,11,25,23,20,44,30,16,11,13,-1,-1,-1,-1,-1,-1,-1,-1,-1,-1
64,-1,-1,-1,-1,-1,9,8,3,10,14,9,8,4,4,10,8,3,10,40,55,38,40,52,15,70,41,18,7,26,22,18,35,24,75,62,19,18,47,71,39,23,10,11,10,38,53,30,19,16,54,87,62,43,82,58,19,41,53,48,37,25,14,34,21,17,29,42,100,74,33,20,5,16,18,26,49,50,70,72,14,20,3,29,69,99,30,89,74,71,45,44,38,27,4,4,15,25,3,11,9,3,32,72,87,94,100,100,100,100,100,100,100,100,100,64,68,61,62,49,49,37,31,26,20,21,9,49,100,41,89,68,50,100,80,83,74,29,16,30,62,86,100,55,83,55,80,78,69,63,35,17,15,10,6,22,30,18,8,4,-1,-1,-1,-1,-1,-1,-1,-1,-1,-1
65,-1,-1,-1,-1,-1,3,4,3,4,10,15,10,4,6,10,8,1,3,25,57,58,55,46,14,60,31,6,4,18,33,34,35,31,80,100,52,31,8,59,64,31,7,9,17,28,69,88,33,29,54,94,93,75,65,39,15,15,40,43,33,33,29,29,27,9,10,53,100,75,34,18,6,21,17,12,23,23,34,28,25,31,31,33,86,100,71,74,93,65,24,25,33,19,1,6,12,27,12,12,26,45,46,100,100,100,100,100,100,100,100,100,100,100,100,100,62,67,63,60,44,41,30,23,18,11,5,46,100,40,78,100,100,100,41,83,73,37,27,15,54,54,69,100,73,60,74,98,95,90,93,55,29,25,20,9,13,23,19,7,-1,-1,-1,-1,-1,-1,-1,-1,-1,-1
66,-1,-1,-1,-1,-1,7,5,4,1,2,7,13,9,8,11,12,11,6,22,46,49,59,46,30,77,33,5,12,13,16,21,15,67,79,73,100,73,48,40,43,28,12,7,29,75,100,43,89,31,20,50,82,82,65,55,33,21,48,49,24,27,30,32,35,41,24,55,100,96,62,32,26,12,8,17,18,28,31,64,59,53,67,48,40,100,80,61,77,70,49,13,19,21,5,5,5,14,7,25,17,43,48,93,100,100,100,100,100,100,100,100,100,100,100,100,100,54,63,52,47,32,42,28,28,36,26,38,91,44,74,78,43,68,45,71,67,26,18,27,24,41,25,59,100,65,65,59,66,68,53,84,38,54,61,24,2,9,15,11,-1,-1,-1,-1,-1,-1,-1,-1,-1,-1
67,-1,-1,-1,-1,-1,18,15,12,5,1,1,7,13,5,14,15,17,14,18,46,44,55,56,36,93,48,6,9,14,18,8,4,37,95,94,95,100,49,71,58,27,20,24,28,57,100,100,28,73,47,28,22,54,63,63,57,15,58,63,34,22,23,32,36,41,50,61,100,100,94,75,49,40,30,28,34,23,30,89,100,100,100,100,59,60,46,65,63,64,63,38,8,11,6,2,5,2,19,36,39,40,63,82,100,100,100,100,100,100,100,100,100,100,96,100,100,100,55,59,46,42,33,41,34,49,51,60,84,40,78,70,35,48,49,87,70,21,4,10,23,11,14,17,57,95,87,83,85,99,100,64,51,68,100,77,18,4,6,12,-1,-1,-1,-1,-1,-1,-1,-1,-1,-1
68,-1,-1,-1,-1,-1,24,11,9,15,7,1,4,10,11,9,10,7,13,3,38,41,47,52,15,89,63,19,7,8,12,2,8,12,36,90,73,100,100,30,63,39,16,12,22,71,88,100,91,48,36,8,24,58,75,32,39,45,32,64,31,18,21,27,40,37,55,75,84,100,92,98,87,61,54,49,45,48,35,55,100,100,100,100,85,53,36,54,43,35,43,23,8,15,8,5,5,8,17,42,37,40,70,92,100,100,100,100,100,100,100,100,100,100,100,100,100,100,100,54,69,55,38,29,42,51,57,68,89,83,24,100,100,100,100,100,100,59,15,9,16,19,13,7,18,51,59,48,49,61,75,79,38,55,54,100,83,22,4,14,-1,-1,-1,-1,-1,-1,-1,-1,-1,-1
69,-1,-1,-1,-1,-1,16,10,16,7,14,5,4,6,8,7,7,16,15,8,23,25,32,37,20,77,55,31,17,8,9,9,19,2,25,26,68,52,92,100,39,37,21,10,6,39,88,56,94,17,18,38,66,100,100,42,43,25,20,48,27,10,19,26,31,37,44,76,93,62,85,85,100,98,80,77,78,80,75,48,66,62,71,61,56,63,55,49,47,24,24,10,7,11,17,10,4,6,13,31,31,49,64,94,100,100,100,100,100,100,100,100,100,100,100,100,100,100,100,100,66,80,54,39,23,55,57,73,95,77,62,62,100,100,96,100,100,100,68,30,22,19,20,17,14,7,20,23,20,29,39,51,53,63,100,64,100,73,44,34,-1,-1,-1,-1,-1,-1,-1,-1,-1,-1
70,-1,-1,-1,20,14,10,5,12,13,6,11,2,6,4,4,5,15,20,18,19,22,34,44,27,71,55,35,23,11,10,8,19,18,8,21,8,60,57,78,93,26,26,13,5,3,28,73,35,57,56,62,68,100,100,88,46,30,32,36,17,6,13,25,20,17,34,51,78,96,57,71,100,100,100,100,95,100,100,84,61,68,69,61,63,59,45,47,37,25,16,8,9,14,13,22,5,6,13,29,33,34,57,74,100,100,100,100,100,100,100,100,100,100,100,100,100,100,100,100,100,81,61,38,27,40,59,70,99,62,33,88,100,100,100,100,100,100,100,75,38,31,23,20,16,13,7,8,14,18,27,32,41,54,82,98,42,100,80,51,-1,-1,-1,-1,-1,-1,-1,-1,-1,-1
71,-1,-1,-1,18,8,9,10,3,3,3,9,7,2,3,7,6,5,11,12,10,22,44,46,32,49,69,58,31,9,6,25,23,18,19,6,19,11,52,45,59,48,11,4,9,27,39,16,26,86,53,59,55,63,100,89,67,45,18,26,9,10,10,21,12,21,11,32,46,70,83,57,68,100,100,96,69,96,88,79,66,77,76,73,60,65,40,32,29,14,13,8,7,7,12,25,28,10,50,55,45,56,67,84,100,94,95,100,100,100,100,100,100,100,100,100,100,100,77,100,100,100,44,26,17,39,59,66,92,59,24,26,100,100,100,100,100,100,100,100,100,80,71,55,45,38,20,14,14,17,12,13,17,31,54,57,48,100,72,39,-1,-1,-1,-1,-1,-1,-1,-1,-1,-1
72,-1,-1,-1,20,8,8,11,12,10,7,6,6,5,6,9,9,7,7,5,3,9,39,52,29,33,44,69,54,17,4,20,32,22,15,21,4,16,8,45,52,25,9,23,27,54,84,100,100,100,99,74,59,57,84,84,77,56,30,9,2,13,2,14,8,31,46,20,34,44,62,80,58,65,63,69,48,95,100,100,69,68,75,74,70,61,50,32,20,12,11,7,7,14,18,28,48,50,92,100,90,67,68,81,99,96,88,86,91,100,100,100,100,100,100,100,100,100,71,64,100,100,100,20,13,41,59,66,87,50,30,41,52,100,100,100,100,100,100,100,100,100,100,100,100,90,65,46,49,55,55,39,28,20,44,50,87,100,98,46,-1,-1,-1,-1,-1,-1,-1,-1,-1,-1
73,-1,-1,-1,15,2,10,5,9,9,7,5,7,6,6,8,7,5,2,1,2,16,36,66,78,60,60,77,82,58,27,14,31,37,20,6,6,24,20,8,10,30,40,32,51,44,80,86,73,100,100,66,55,60,71,47,56,36,17,11,5,12,7,20,23,16,37,21,38,40,40,61,65,50,47,49,52,46,83,82,59,44,51,47,38,39,20,16,14,12,11,19,17,14,22,31,41,63,67,73,100,100,74,79,77,62,59,47,33,43,49,49,75,100,100,100,100,83,57,44,97,100,100,41,14,45,58,59,80,45,37,45,29,50,100,100,100,100,72,100,100,100,100,100,100,93,100,92,77,76,79,69,50,51,39,44,54,100,100,72,-1,-1,-1,-1,-1,-1,-1,-1,-1,-1
74,-1,-1,-1,15,7,16,7,4,3,5,5,9,12,6,5,3,2,0,4,4,15,37,49,80,97,47,100,100,100,89,53,41,46,48,37,36,46,52,45,74,100,100,94,91,79,77,72,73,100,87,77,76,80,76,57,41,34,10,8,6,14,10,28,26,14,13,25,43,41,34,40,49,50,48,47,40,43,50,57,58,50,43,40,30,25,15,2,7,4,8,24,33,31,27,44,54,66,66,100,72,100,100,89,95,63,45,40,13,8,7,12,27,74,96,100,100,96,52,36,100,100,100,53,31,42,57,52,67,31,42,53,38,42,55,100,89,100,46,100,100,100,100,100,91,88,100,100,100,100,100,100,96,96,100,76,74,100,77,45,-1,-1,-1,-1,-1,-1,-1,-1,-1,-1
75,-1,-1,-1,17,6,18,10,4,4,1,3,6,9,7,2,3,1,2,2,3,17,37,23,15,52,100,65,100,100,100,97,61,63,64,59,67,68,62,65,50,100,100,100,100,100,90,99,50,93,81,69,47,51,56,44,33,26,12,6,3,10,18,16,36,23,10,4,19,39,31,32,39,46,41,35,23,31,31,27,35,37,35,32,27,25,25,12,10,10,7,22,41,38,43,45,64,82,100,100,100,100,100,100,100,87,55,52,36,10,12,12,22,57,91,95,100,95,55,34,91,100,100,56,34,31,55,52,60,30,46,63,55,53,37,70,100,83,67,100,100,100,100,95,100,99,100,100,100,100,100,100,100,100,100,100,100,86,-1,-1,-1,-1,-1,-1,-1,-1,-1,-1,-1,-1
76,-1,-1,-1,16,5,15,6,7,3,4,1,3,6,3,1,2,2,2,4,5,16,47,30,84,100,63,100,80,60,66,96,73,79,91,84,92,100,59,58,63,100,100,74,81,92,99,88,50,71,70,63,48,19,27,18,12,11,5,2,7,4,16,27,18,40,25,24,25,13,29,27,45,50,36,30,22,10,15,12,18,26,32,29,17,15,17,17,12,17,17,23,43,34,33,42,77,77,100,100,100,94,88,100,100,76,44,36,46,33,17,14,25,61,83,98,100,93,58,43,78,100,100,76,51,24,43,41,58,25,54,79,82,85,57,41,46,84,59,89,100,100,100,69,100,100,100,100,100,100,100,100,100,100,100,99,100,100,-1,-1,-1,-1,-1,-1,-1,-1,-1,-1,-1,-1
77,-1,-1,-1,16,5,16,4,7,4,1,3,2,5,4,2,2,3,2,2,5,5,41,64,73,100,67,88,100,94,83,68,82,91,100,100,100,100,99,62,48,77,100,100,93,86,99,100,85,48,47,51,49,32,12,9,3,1,2,4,3,8,2,21,29,22,42,14,36,24,9,19,31,44,38,23,21,16,13,16,17,21,30,33,18,18,11,14,14,20,21,35,48,46,37,37,57,86,100,100,100,100,76,75,100,88,33,12,27,41,35,18,20,52,71,80,100,81,46,44,52,100,94,71,63,4,45,48,62,33,77,92,100,100,99,72,72,52,74,77,100,100,74,71,100,100,100,100,100,100,100,100,100,100,100,100,100,100,-1,-1,-1,-1,-1,-1,-1,-1,-1,-1,-1,-1
78,-1,-1,-1,16,7,14,11,1,2,4,4,3,5,8,8,1,7,5,7,5,6,6,48,88,84,100,15,76,59,46,98,76,75,80,79,76,84,84,76,50,55,51,91,77,29,16,35,48,28,9,13,23,21,8,6,3,5,4,0,2,5,3,8,21,24,24,34,9,20,4,13,10,23,28,17,9,11,10,13,16,13,19,24,23,34,23,27,19,27,32,30,50,49,50,36,70,85,100,100,100,100,49,63,100,100,87,34,5,26,45,39,34,58,83,81,100,76,33,29,61,100,100,82,73,13,39,68,82,41,88,97,78,100,89,64,62,65,87,100,100,87,83,70,87,100,100,100,100,100,100,100,100,100,71,100,100,100,-1,-1,-1,-1,-1,-1,-1,-1,-1,-1,-1,-1
79,-1,-1,-1,19,7,12,6,4,3,6,7,4,7,10,13,9,4,9,9,16,7,7,13,50,88,53,27,11,23,24,56,100,98,100,100,100,100,100,100,82,48,47,29,72,44,39,27,8,21,9,13,7,7,8,4,2,6,9,6,2,2,2,5,9,17,22,13,23,15,14,14,9,24,18,10,11,17,18,14,10,12,17,18,31,43,18,39,36,37,47,50,54,58,58,49,56,91,100,100,100,83,52,78,100,100,100,97,31,9,38,59,67,95,100,100,100,87,25,22,86,100,100,100,100,34,35,55,94,57,100,100,82,77,61,74,76,84,88,97,100,100,79,81,74,85,100,100,100,100,100,100,78,68,73,93,100,100,-1,-1,-1,-1,-1,-1,-1,-1,-1,-1,-1,-1
80,-1,-1,-1,26,25,9,11,5,4,6,9,3,8,9,13,11,4,12,10,13,15,5,11,8,45,55,22,10,18,21,22,51,60,57,64,72,73,65,65,71,44,46,27,38,56,24,36,19,10,16,5,12,9,6,7,4,5,4,9,5,2,7,6,5,7,13,15,16,14,14,19,11,12,20,15,4,3,9,22,16,10,9,9,13,26,25,29,34,42,43,35,46,46,44,52,34,76,97,100,100,100,50,61,92,100,100,100,97,41,30,66,69,100,100,100,100,100,43,30,79,100,94,96,100,51,59,62,93,100,83,100,92,67,67,86,73,73,78,55,67,100,89,85,91,81,78,100,100,100,100,100,93,100,96,82,100,100,-1,-1,-1,-1,-1,-1,-1,-1,-1,-1,-1,-1
81,-1,-1,-1,19,38,33,7,8,4,5,4,5,5,10,12,10,6,11,11,9,7,8,6,14,7,18,20,14,26,27,22,23,29,27,28,38,44,35,29,36,41,22,17,12,27,37,17,22,6,5,12,4,13,10,2,4,3,10,7,5,3,11,16,11,3,1,5,6,6,14,10,15,7,8,18,9,14,10,13,25,15,7,6,5,9,10,13,19,25,32,32,52,51,61,52,46,61,89,100,100,94,57,66,80,100,100,100,100,100,87,86,90,95,100,88,75,94,74,21,97,100,92,41,68,40,68,85,98,96,81,60,57,64,86,100,100,79,80,50,43,57,92,88,100,100,98,94,100,100,100,92,82,98,100,100,92,100,-1,-1,-1,-1,-1,-1,-1,-1,-1,-1,-1,-1
82,9,2,11,10,30,44,25,10,14,10,15,10,5,6,11,14,5,10,8,8,9,5,5,5,13,9,5,10,16,22,16,16,16,13,13,23,32,24,17,17,19,23,22,10,7,17,26,12,13,6,8,10,7,14,6,4,1,6,11,8,3,6,17,20,11,5,4,5,4,8,16,8,13,5,13,13,8,17,3,18,20,10,5,7,5,6,12,15,20,24,12,41,53,56,47,48,46,62,100,100,100,71,63,89,98,100,100,100,100,100,100,100,100,100,99,72,67,65,71,63,100,100,36,41,63,62,54,82,86,58,52,58,56,53,80,90,75,69,61,35,32,53,69,74,93,87,76,81,95,100,95,70,67,98,100,100,100,-1,-1,-1,-1,-1,-1,-1,-1,-1,-1,-1,-1
83,4,5,9,5,19,21,25,16,12,14,24,56,47,6,13,13,14,5,5,4,6,6,4,5,3,0,5,7,10,14,5,10,8,6,5,16,23,11,6,8,7,6,10,7,3,5,11,6,12,4,14,12,7,7,4,10,6,2,6,10,6,5,8,15,14,6,8,10,10,13,10,15,28,28,17,6,12,19,5,10,10,6,3,5,6,8,17,15,27,28,6,26,36,51,29,21,8,50,83,100,100,99,74,100,100,100,100,100,100,100,100,100,100,100,100,73,84,100,88,20,100,81,61,79,100,100,66,68,87,79,63,53,56,27,28,43,40,37,62,52,38,43,53,45,53,51,42,51,72,79,81,71,60,59,82,100,100,-1,-1,-1,-1,-1,-1,-1,-1,-1,-1,-1,-1
84,14,11,6,2,17,24,25,20,20,26,36,85,100,44,13,14,17,18,11,8,4,4,4,5,6,12,15,12,12,12,4,18,17,13,11,8,17,3,14,14,10,7,5,3,1,2,2,6,10,10,25,18,8,5,9,13,9,3,1,6,8,9,8,8,8,7,6,12,8,24,37,53,59,60,58,42,31,27,7,11,4,3,4,4,6,8,19,16,29,40,11,34,34,45,44,48,72,21,92,72,92,100,79,100,100,100,100,100,100,100,100,100,100,100,100,82,79,100,100,100,100,36,65,80,100,100,100,77,68,66,77,65,53,42,17,9,14,19,32,55,55,48,43,38,32,29,24,30,51,66,64,66,74,89,-1,-1,-1,-1,-1,-1,-1,-1,-1,-1,-1,-1,-1,-1,-1
85,19,20,10,13,26,10,43,40,53,57,59,86,56,100,57,14,24,15,14,9,10,8,5,8,11,9,10,18,19,15,5,11,10,6,6,4,14,13,2,5,2,1,7,5,6,8,5,5,2,24,18,30,25,11,9,13,7,1,1,13,8,19,22,10,7,8,14,7,9,26,28,41,41,39,48,55,54,34,34,19,12,12,7,9,11,4,12,19,38,45,38,24,36,24,65,100,100,100,50,96,100,100,100,96,100,100,100,100,100,100,100,100,100,100,100,100,88,100,100,43,74,37,60,33,53,100,100,81,87,78,66,56,32,26,12,5,12,12,10,24,28,25,21,16,13,15,10,4,10,29,41,38,47,71,-1,-1,-1,-1,-1,-1,-1,-1,-1,-1,-1,-1,-1,-1,-1
86,11,6,11,14,32,37,34,56,60,78,84,100,100,59,100,60,22,27,19,12,9,14,13,15,19,6,19,11,27,25,8,6,5,3,4,7,12,13,12,9,10,10,1,7,6,15,12,10,12,8,35,18,44,35,19,17,8,4,4,14,23,4,29,18,7,7,19,25,20,25,26,46,72,71,85,61,56,49,45,44,16,17,15,13,14,7,7,12,36,51,36,33,34,34,70,100,100,100,100,26,100,100,100,100,100,100,100,100,100,100,100,100,100,100,100,100,100,100,100,42,30,23,64,43,46,62,74,75,87,99,70,41,29,16,9,6,9,12,9,8,9,11,10,5,2,3,5,10,11,2,14,25,31,45,-1,-1,-1,-1,-1,-1,-1,-1,-1,-1,-1,-1,-1,-1,-1
87,4,2,6,17,31,44,24,56,54,56,71,89,100,100,75,100,30,34,17,10,14,7,12,14,19,18,10,25,16,31,23,4,6,5,6,8,12,14,14,8,10,14,11,6,6,13,18,16,16,14,15,45,27,47,39,23,22,7,6,14,29,9,33,13,11,8,15,29,30,34,35,25,63,71,78,68,34,63,55,53,39,7,15,11,12,12,4,8,25,50,57,44,47,42,64,100,100,100,17,94,47,100,100,100,100,100,100,100,100,100,100,100,99,88,92,100,65,94,100,62,28,35,70,49,32,81,88,64,63,71,100,81,40,28,14,10,11,11,8,8,10,11,10,3,1,3,3,3,4,6,2,16,19,27,-1,-1,-1,-1,-1,-1,-1,-1,-1,-1,-1,-1,-1,-1,-1
88,4,6,9,14,31,41,24,35,42,31,51,93,94,91,78,39,33,58,40,51,14,12,8,14,16,14,14,17,36,25,29,20,7,5,8,8,12,17,20,12,15,13,11,6,6,6,15,22,23,25,24,14,52,32,36,27,30,33,16,17,35,17,55,31,41,35,26,36,37,41,40,20,44,55,71,51,51,78,87,80,45,21,3,4,6,11,12,2,20,35,59,68,58,59,75,91,100,100,37,70,64,60,100,97,100,100,100,100,100,100,100,100,100,100,100,100,77,9,65,24,54,57,97,57,60,84,100,100,100,100,100,100,68,38,25,17,19,17,11,10,15,18,16,6,2,5,6,6,12,10,5,13,22,24,-1,-1,-1,-1,-1,-1,-1,-1,-1,-1,-1,-1,-1,-1,-1
89,9,8,11,15,29,45,30,35,34,28,26,80,100,87,59,78,81,66,19,71,50,8,11,13,19,17,10,9,21,39,20,27,23,13,10,13,14,18,25,22,9,19,12,6,8,7,6,22,33,35,38,35,30,49,20,26,29,40,45,37,38,5,45,58,32,62,55,51,50,53,54,24,39,38,58,77,68,100,100,100,83,33,12,10,9,5,12,12,8,30,43,66,75,63,57,56,75,50,39,40,47,53,47,96,94,100,100,100,100,100,100,100,100,100,100,100,100,33,19,38,73,90,100,100,8,69,77,100,100,100,100,74,94,60,30,28,27,27,21,15,18,25,26,15,6,8,10,11,15,14,20,21,28,36,-1,-1,-1,-1,-1,-1,-1,-1,-1,-1,-1,-1,-1,-1,-1
90,6,5,7,12,35,50,64,52,37,34,45,52,73,63,25,60,90,76,30,48,52,23,4,5,5,12,10,15,11,14,14,26,29,24,15,13,14,14,19,18,13,21,12,8,20,30,21,21,42,24,34,32,56,69,38,48,15,28,34,40,33,39,7,36,39,48,47,44,37,36,43,31,41,24,21,66,100,77,100,100,98,82,22,7,5,4,9,15,15,9,51,64,81,93,67,40,45,91,100,39,76,67,66,37,81,78,94,78,51,76,90,66,75,64,27,58,41,45,39,20,67,81,100,100,90,6,42,26,57,61,77,53,85,81,48,44,43,41,34,29,25,29,34,25,15,25,26,29,39,37,25,33,30,33,-1,-1,-1,-1,-1,-1,-1,-1,-1,-1,-1,-1,-1,-1,-1
91,11,11,13,3,29,46,51,69,56,38,41,47,51,52,50,23,88,99,42,22,21,16,14,17,18,15,12,19,24,23,28,33,34,35,30,15,18,14,11,11,19,22,15,8,23,50,57,52,57,20,48,51,71,85,23,73,35,32,37,24,31,38,42,24,17,30,25,28,28,37,36,37,38,26,39,43,85,100,100,100,100,66,53,17,4,7,11,15,21,21,23,66,70,92,96,58,37,100,100,100,90,100,73,71,49,47,48,41,25,58,84,66,51,47,35,98,100,100,100,62,54,92,100,100,100,100,100,100,80,35,32,51,85,88,84,77,72,70,58,53,47,44,47,42,35,48,57,62,76,82,62,53,60,57,-1,-1,-1,-1,-1,-1,-1,-1,-1,-1,-1,-1,-1,-1,-1
92,-1,-1,-1,-1,-1,-1,-1,-1,-1,-1,-1,-1,-1,-1,-1,70,32,97,55,11,19,18,12,17,18,18,24,29,20,26,27,32,38,36,35,23,23,19,18,14,4,9,11,17,14,46,54,33,40,51,22,43,58,68,20,73,53,11,34,28,29,33,40,40,28,28,31,26,39,26,17,19,19,24,48,100,100,100,26,62,90,13,63,27,6,7,11,11,16,21,18,51,55,65,82,67,35,40,100,100,100,93,100,62,73,47,33,29,29,49,52,54,32,34,10,77,100,100,100,100,60,100,100,87,89,100,98,100,100,80,71,98,100,91,95,99,91,87,82,70,69,65,61,56,53,61,75,75,86,100,100,93,70,74,-1,-1,-1,-1,-1,-1,-1,-1,-1,-1,-1,-1,-1,-1,-1
93,-1,-1,-1,-1,-1,-1,-1,-1,-1,-1,-1,-1,-1,-1,-1,66,41,42,32,2,17,31,24,19,33,29,31,22,24,22,28,32,26,33,30,21,25,27,37,32,27,24,43,56,27,25,40,49,78,38,32,28,53,65,45,96,61,24,16,22,19,31,37,37,29,24,26,30,51,72,61,52,51,19,38,73,100,100,69,72,25,19,50,28,6,7,7,8,13,12,28,47,47,49,57,46,38,44,52,100,100,100,88,100,75,75,56,56,63,83,100,95,100,100,25,32,100,100,100,100,88,100,100,100,100,100,100,100,78,90,95,100,100,100,100,100,100,100,100,100,96,97,95,88,85,98,100,100,100,100,100,100,100,100,-1,-1,-1,-1,-1,-1,-1,-1,-1,-1,-1,-1,-1,-1,-1
94,-1,-1,-1,-1,-1,-1,-1,-1,-1,-1,-1,-1,-1,-1,-1,-1,-1,-1,-1,-1,-1,-1,-1,-1,-1,-1,-1,-1,-1,52,39,41,47,39,29,32,36,34,26,31,30,24,32,49,82,56,34,41,83,64,29,25,16,69,64,99,100,47,15,16,17,21,36,37,31,30,33,27,40,71,88,67,62,47,28,58,100,100,100,63,67,47,44,19,8,7,7,7,9,11,20,40,48,49,64,53,44,52,64,62,100,100,100,84,100,88,69,68,67,87,100,82,100,100,100,36,46,100,100,100,100,100,100,100,100,100,100,99,100,66,100,100,100,100,100,100,100,100,100,100,100,100,100,100,100,100,100,100,100,100,100,100,100,100,-1,-1,-1,-1,-1,-1,-1,-1,-1,-1,-1,-1,-1,-1,-1
95,-1,-1,-1,-1,-1,-1,-1,-1,-1,-1,-1,-1,-1,-1,-1,-1,-1,-1,-1,-1,-1,-1,-1,-1,-1,-1,-1,-1,-1,65,41,31,44,50,41,29,33,45,42,29,13,19,70,76,73,100,58,37,72,53,40,31,66,14,100,100,81,87,33,20,22,18,28,31,36,36,49,53,36,56,60,100,100,55,30,34,100,100,100,63,78,46,48,28,14,11,10,9,9,10,9,19,44,57,62,83,74,50,65,63,100,100,100,100,87,39,38,40,39,35,59,100,100,100,100,31,54,92,100,100,100,100,100,100,100,100,100,89,98,100,100,100,100,100,100,100,100,99,100,100,100,100,100,100,100,100,100,100,100,100,100,100,100,100,-1,-1,-1,-1,-1,-1,-1,-1,-1,-1,-1,-1,-1,-1,-1
96,-1,-1,-1,-1,-1,-1,-1,-1,-1,-1,-1,-1,-1,-1,-1,-1,-1,-1,-1,-1,-1,-1,-1,-1,-1,-1,-1,-1,-1,-1,-1,-1,-1,-1,-1,-1,-1,-1,-1,-1,-1,-1,-1,-1,97,69,100,19,70,53,38,27,80,98,31,100,100,41,62,40,28,28,27,23,37,46,48,77,61,46,69,100,100,100,90,74,35,100,100,75,54,49,38,23,15,14,11,11,10,9,11,11,19,47,60,66,89,72,62,62,100,100,100,100,100,100,75,73,74,71,47,100,100,100,100,31,50,80,92,100,100,100,100,100,100,84,95,100,100,100,100,100,100,100,100,100,100,100,100,92,100,100,100,100,100,80,100,100,100,100,100,100,-1,-1,-1,-1,-1,-1,-1,-1,-1,-1,-1,-1,-1,-1,-1,-1,-1
97,-1,-1,-1,-1,-1,-1,-1,-1,-1,-1,-1,-1,-1,-1,-1,-1,-1,-1,-1,-1,-1,-1,-1,-1,-1,-1,-1,-1,-1,-1,-1,-1,-1,-1,-1,-1,-1,-1,-1,-1,-1,-1,-1,-1,87,30,90,28,76,57,41,56,46,67,51,82,91,11,56,37,30,30,31,41,41,32,84,58,95,100,72,26,100,100,87,79,67,63,62,61,31,22,26,9,4,12,10,6,6,5,10,13,5,14,42,48,55,94,70,61,86,100,100,100,100,100,88,100,96,79,78,95,100,100,100,82,100,82,76,93,100,100,100,100,100,83,99,88,99,100,100,100,100,100,100,100,100,100,77,52,100,100,100,100,100,98,100,84,44,71,94,100,-1,-1,-1,-1,-1,-1,-1,-1,-1,-1,-1,-1,-1,-1,-1,-1,-1
98,-1,-1,-1,-1,-1,-1,-1,-1,-1,-1,-1,-1,-1,-1,-1,-1,-1,-1,-1,-1,-1,-1,-1,-1,-1,-1,-1,-1,-1,-1,-1,-1,-1,-1,-1,-1,-1,-1,-1,-1,-1,-1,-1,-1,19,23,35,29,63,52,38,46,59,49,20,15,24,15,51,37,29,41,42,61,81,54,59,100,100,100,100,40,58,51,65,58,48,40,44,49,37,12,12,2,16,4,9,6,3,3,8,14,9,2,10,30,37,55,87,79,83,100,100,100,100,100,78,100,100,81,66,77,100,100,100,91,82,100,97,97,100,98,80,86,80,81,93,100,100,100,100,100,100,100,100,100,100,100,90,31,100,100,100,100,100,100,100,100,40,47,64,100,-1,-1,-1,-1,-1,-1,-1,-1,-1,-1,-1,-1,-1,-1,-1,-1,-1
99,-1,-1,-1,-1,-1,-1,-1,-1,-1,-1,-1,-1,-1,-1,-1,-1,-1,-1,-1,-1,-1,-1,-1,-1,-1,-1,-1,-1,-1,-1,-1,-1,-1,-1,-1,-1,-1,-1,-1,-1,-1,-1,-1,-1,-1,-1,-1,-1,-1,-1,-1,-1,-1,-1,-1,-1,-1,-1,-1,-1,33,43,46,75,99,44,47,76,86,100,100,100,100,91,64,58,54,40,29,41,32,18,10,5,14,8,5,7,4,2,5,12,14,7,3,6,26,40,51,78,78,82,96,100,100,91,77,94,100,100,76,86,59,100,100,78,69,57,81,85,89,65,54,82,78,70,79,91,97,97,100,100,100,100,93,89,100,100,100,79,74,100,100,100,100,100,100,100,100,73,78,100,-1,-1,-1,-1,-1,-1,-1,-1,-1,-1,-1,-1,-1,-1,-1,-1,-1
100,-1,-1,-1,-1,-1,-1,-1,-1,-1,-1,-1,-1,-1,-1,-1,-1,-1,-1,-1,-1,-1,-1,-1,-1,-1,-1,-1,-1,-1,-1,-1,-1,-1,-1,-1,-1,-1,-1,-1,-1,-1,-1,-1,-1,-1,-1,-1,-1,-1,-1,-1,-1,-1,-1,-1,-1,-1,-1,-1,-1,35,41,68,89,100,100,68,100,100,100,79,72,100,83,40,65,69,63,29,23,24,14,11,2,10,3,6,7,5,4,3,7,10,12,8,8,6,27,37,51,75,74,89,99,92,83,71,93,82,86,100,88,77,66,100,100,72,46,51,62,69,46,19,43,85,79,79,88,92,96,99,100,100,100,100,90,82,100,100,100,100,100,100,100,100,100,100,100,100,100,100,100,-1,-1,-1,-1,-1,-1,-1,-1,-1,-1,-1,-1,-1,-1,-1,-1,-1
101,-1,-1,-1,-1,-1,-1,-1,-1,-1,-1,-1,-1,-1,-1,-1,-1,-1,-1,-1,-1,-1,-1,-1,-1,-1,-1,-1,-1,-1,-1,-1,-1,-1,-1,-1,-1,-1,-1,-1,-1,-1,-1,-1,-1,-1,-1,-1,-1,-1,-1,-1,-1,-1,-1,-1,-1,-1,-1,-1,-1,-1,-1,-1,-1,-1,-1,-1,-1,-1,-1,-1,-1,-1,-1,-1,81,71,65,47,18,11,11,8,1,6,1,9,9,7,6,6,6,6,7,12,6,15,9,28,36,46,64,66,80,91,72,60,75,94,94,100,100,72,56,57,100,100,57,25,40,53,39,13,9,41,75,74,75,75,76,86,85,88,100,100,100,85,81,81,96,77,100,100,100,100,100,100,100,100,97,100,100,-1,-1,-1,-1,-1,-1,-1,-1,-1,-1,-1,-1,-1,-1,-1,-1,-1
102,-1,-1,-1,-1,-1,-1,-1,-1,-1,-1,-1,-1,-1,-1,-1,-1,-1,-1,-1,-1,-1,-1,-1,-1,-1,-1,-1,-1,-1,-1,-1,-1,-1,-1,-1,-1,-1,-1,-1,-1,-1,-1,-1,-1,-1,-1,-1,-1,-1,-1,-1,-1,-1,-1,-1,-1,-1,-1,-1,-1,-1,-1,-1,-1,-1,-1,-1,-1,-1,-1,-1,-1,-1,-1,-1,60,19,34,26,11,5,4,5,2,10,6,6,7,4,5,3,3,5,5,8,6,14,14,28,28,27,36,29,29,74,87,62,52,65,50,50,75,91,54,47,28,59,48,17,6,21,25,9,14,7,28,42,43,30,24,34,37,33,92,100,95,89,79,89,77,72,85,100,100,100,100,100,100,96,97,91,100,-1,-1,-1,-1,-1,-1,-1,-1,-1,-1,-1,-1,-1,-1,-1,-1,-1
103,-1,-1,-1,-1,-1,-1,-1,-1,-1,-1,-1,-1,-1,-1,-1,-1,-1,-1,-1,-1,-1,-1,-1,-1,-1,-1,-1,-1,-1,-1,-1,-1,-1,-1,-1,-1,-1,-1,-1,-1,-1,-1,-1,-1,-1,-1,-1,-1,-1,-1,-1,-1,-1,-1,-1,-1,-1,-1,-1,-1,-1,-1,-1,-1,-1,-1,-1,-1,-1,-1,-1,-1,-1,-1,-1,45,28,10,9,4,3,1,1,5,11,6,1,5,3,2,3,6,3,3,4,3,10,11,28,27,23,22,13,23,26,75,82,61,49,42,26,36,69,84,39,32,4,30,27,11,1,3,4,12,19,14,14,29,19,13,16,19,32,43,100,100,83,81,85,91,89,86,86,71,55,88,100,100,100,89,100,100,-1,-1,-1,-1,-1,-1,-1,-1,-1,-1,-1,-1,-1,-1,-1,-1,-1
104,-1,-1,-1,-1,-1,-1,-1,-1,-1,-1,-1,-1,-1,-1,-1,-1,-1,-1,-1,-1,-1,-1,-1,-1,-1,-1,-1,-1,-1,-1,-1,-1,-1,-1,-1,-1,-1,-1,-1,-1,-1,-1,-1,-1,-1,-1,-1,-1,-1,-1,-1,-1,-1,-1,-1,-1,-1,-1,-1,-1,-1,-1,-1,-1,-1,-1,-1,-1,-1,-1,-1,-1,-1,-1,-1,-1,-1,-1,-1,-1,-1,-1,-1,-1,-1,-1,-1,-1,-1,0,1,2,4,0,5,4,5,2,15,20,15,16,21,12,18,23,54,46,27,27,19,5,20,46,42,14,16,8,19,13,3,4,5,10,12,13,18,13,29,15,14,15,21,18,46,83,73,59,56,57,68,68,67,71,55,26,61,76,60,45,44,52,-1,-1,-1,-1,-1,-1,-1,-1,-1,-1,-1,-1,-1,-1,-1,-1,-1
105,-1,-1,-1,-1,-1,-1,-1,-1,-1,-1,-1,-1,-1,-1,-1,-1,-1,-1,-1,-1,-1,-1,-1,-1,-1,-1,-1,-1,-1,-1,-1,-1,-1,-1,-1,-1,-1,-1,-1,-1,-1,-1,-1,-1,-1,-1,-1,-1,-1,-1,-1,-1,-1,-1,-1,-1,-1,-1,-1,-1,-1,-1,-1,-1,-1,-1,-1,-1,-1,-1,-1,-1,-1,-1,-1,-1,-1,-1,-1,-1,-1,-1,-1,-1,-1,-1,-1,-1,-1,4,1,5,2,1,2,5,5,3,5,9,7,6,13,15,8,8,15,21,15,12,12,6,9,10,12,3,10,6,5,5,3,3,5,7,24,22,12,20,11,24,17,20,23,16,14,36,62,55,40,34,43,56,56,67,69,36,13,24,17,12,5,12,-1,-1,-1,-1,-1,-1,-1,-1,-1,-1,-1,-1,-1,-1,-1,-1,-1
106,-1,-1,-1,-1,-1,-1,-1,-1,-1,-1,-1,-1,-1,-1,-1,-1,-1,-1,-1,-1,-1,-1,-1,-1,-1,-1,-1,-1,-1,-1,-1,-1,-1,-1,-1,-1,-1,-1,-1,-1,-1,-1,-1,-1,-1,-1,-1,-1,-1,-1,-1,-1,-1,-1,-1,-1,-1,-1,-1,-1,-1,-1,-1,-1,-1,-1,-1,-1,-1,-1,-1,-1,-1,-1,-1,-1,-1,-1,-1,-1,-1,-1,-1,-1,-1,-1,-1,-1,-1,-1,-1,-1,-1,-1,-1,-1,-1,-1,-1,-1,-1,-1,-1,-1,13,8,2,5,9,8,6,5,3,9,6,3,3,4,2,2,2,5,6,6,13,27,10,16,16,7,15,15,19,24,18,8,22,49,45,28,21,31,38,46,56,44,17,15,16,-1,-1,-1,-1,-1,-1,-1,-1,-1,-1,-1,-1,-1,-1,-1,-1,-1,-1,-1,-1
107,-1,-1,-1,-1,-1,-1,-1,-1,-1,-1,-1,-1,-1,-1,-1,-1,-1,-1,-1,-1,-1,-1,-1,-1,-1,-1,-1,-1,-1,-1,-1,-1,-1,-1,-1,-1,-1,-1,-1,-1,-1,-1,-1,-1,-1,-1,-1,-1,-1,-1,-1,-1,-1,-1,-1,-1,-1,-1,-1,-1,-1,-1,-1,-1,-1,-1,-1,-1,-1,-1,-1,-1,-1,-1,-1,-1,-1,-1,-1,-1,-1,-1,-1,-1,-1,-1,-1,-1,-1,-1,-1,-1,-1,-1,-1,-1,-1,-1,-1,-1,-1,-1,-1,-1,3,5,2,7,4,3,2,0,2,6,2,1,6,10,5,2,4,9,17,5,9,13,11,11,12,5,5,2,0,13,20,9,6,14,33,29,10,6,8,15,23,13,2,6,27,-1,-1,-1,-1,-1,-1,-1,-1,-1,-1,-1,-1,-1,-1,-1,-1,-1,-1,-1,-1
108,-1,-1,-1,-1,-1,-1,-1,-1,-1,-1,-1,-1,-1,-1,-1,-1,-1,-1,-1,-1,-1,-1,-1,-1,-1,-1,-1,-1,-1,-1,-1,-1,-1,-1,-1,-1,-1,-1,-1,-1,-1,-1,-1,-1,-1,-1,-1,-1,-1,-1,-1,-1,-1,-1,-1,-1,-1,-1,-1,-1,-1,-1,-1,-1,-1,-1,-1,-1,-1,-1,-1,-1,-1,-1,-1,-1,-1,-1,-1,-1,-1,-1,-1,-1,-1,-1,-1,-1,-1,-1,-1,-1,-1,-1,-1,-1,-1,-1,-1,-1,-1,-1,-1,-1,-1,-1,-1,-1,-1,-1,-1,-1,-1,-1,-1,-1,-1,-1,7,7,4,5,18,17,1,11,11,11,7,3,3,8,11,1,16,15,3,10,6,27,21,7,9,2,9,1,13,2,19,-1,-1,-1,-1,-1,-1,-1,-1,-1,-1,-1,-1,-1,-1,-1,-1,-1,-1,-1,-1
109,-1,-1,-1,-1,-1,-1,-1,-1,-1,-1,-1,-1,-1,-1,-1,-1,-1,-1,-1,-1,-1,-1,-1,-1,-1,-1,-1,-1,-1,-1,-1,-1,-1,-1,-1,-1,-1,-1,-1,-1,-1,-1,-1,-1,-1,-1,-1,-1,-1,-1,-1,-1,-1,-1,-1,-1,-1,-1,-1,-1,-1,-1,-1,-1,-1,-1,-1,-1,-1,-1,-1,-1,-1,-1,-1,-1,-1,-1,-1,-1,-1,-1,-1,-1,-1,-1,-1,-1,-1,-1,-1,-1,-1,-1,-1,-1,-1,-1,-1,-1,-1,-1,-1,-1,-1,-1,-1,-1,-1,-1,-1,-1,-1,-1,-1,-1,-1,-1,11,8,5,3,15,14,3,6,8,10,7,4,2,3,5,5,10,11,1,9,0,16,13,2,7,2,10,4,16,4,13,-1,-1,-1,-1,-1,-1,-1,-1,-1,-1,-1,-1,-1,-1,-1,-1,-1,-1,-1,-1
110,-1,-1,-1,-1,-1,-1,-1,-1,-1,-1,-1,-1,-1,-1,-1,-1,-1,-1,-1,-1,-1,-1,-1,-1,-1,-1,-1,-1,-1,-1,-1,-1,-1,-1,-1,-1,-1,-1,-1,-1,-1,-1,-1,-1,-1,-1,-1,-1,-1,-1,-1,-1,-1,-1,-1,-1,-1,-1,-1,-1,-1,-1,-1,-1,-1,-1,-1,-1,-1,-1,-1,-1,-1,-1,-1,-1,-1,-1,-1,-1,-1,-1,-1,-1,-1,-1,-1,-1,-1,-1,-1,-1,-1,-1,-1,-1,-1,-1,-1,-1,-1,-1,-1,-1,-1,-1,-1,-1,-1,-1,-1,-1,-1,-1,-1,-1,-1,-1,16,9,6,3,16,13,2,3,5,11,8,5,10,6,12,8,7,7,3,8,1,10,6,3,5,7,15,9,25,9,12,-1,-1,-1,-1,-1,-1,-1,-1,-1,-1,-1,-1,-1,-1,-1,-1,-1,-1,-1,-1
111,-1,-1,-1,-1,-1,-1,-1,-1,-1,-1,-1,-1,-1,-1,-1,-1,-1,-1,-1,-1,-1,-1,-1,-1,-1,-1,-1,-1,-1,-1,-1,-1,-1,-1,-1,-1,-1,-1,-1,-1,-1,-1,-1,-1,-1,-1,-1,-1,-1,-1,-1,-1,-1,-1,-1,-1,-1,-1,-1,-1,-1,-1,-1,-1,-1,-1,-1,-1,-1,-1,-1,-1,-1,-1,-1,-1,-1,-1,-1,-1,-1,-1,-1,-1,-1,-1,-1,-1,-1,-1,-1,-1,-1,-1,-1,-1,-1,-1,-1,-1,-1,-1,-1,-1,-1,-1,-1,-1,-1,-1,-1,-1,-1,-1,-1,-1,-1,-1,-1,-1,-1,-1,-1,-1,-1,-1,-1,-1,-1,-1,-1,-1,7,7,10,7,4,9,1,12,7,1,9,13,9,19,10,19,9,-1,-1,-1,-1,-1,-1,-1,-1,-1,-1,-1,-1,-1,-1,-1,-1,-1,-1,-1,-1
112,-1,-1,-1,-1,-1,-1,-1,-1,-1,-1,-1,-1,-1,-1,-1,-1,-1,-1,-1,-1,-1,-1,-1,-1,-1,-1,-1,-1,-1,-1,-1,-1,-1,-1,-1,-1,-1,-1,-1,-1,-1,-1,-1,-1,-1,-1,-1,-1,-1,-1,-1,-1,-1,-1,-1,-1,-1,-1,-1,-1,-1,-1,-1,-1,-1,-1,-1,-1,-1,-1,-1,-1,-1,-1,-1,-1,-1,-1,-1,-1,-1,-1,-1,-1,-1,-1,-1,-1,-1,-1,-1,-1,-1,-1,-1,-1,-1,-1,-1,-1,-1,-1,-1,-1,-1,-1,-1,-1,-1,-1,-1,-1,-1,-1,-1,-1,-1,-1,-1,-1,-1,-1,-1,-1,-1,-1,-1,-1,-1,-1,-1,-1,8,2,11,7,4,12,1,14,8,2,4,26,32,15,39,21,2,-1,-1,-1,-1,-1,-1,-1,-1,-1,-1,-1,-1,-1,-1,-1,-1,-1,-1,-1,-1
113,-1,-1,-1,-1,-1,-1,-1,-1,-1,-1,-1,-1,-1,-1,-1,-1,-1,-1,-1,-1,-1,-1,-1,-1,-1,-1,-1,-1,-1,-1,-1,-1,-1,-1,-1,-1,-1,-1,-1,-1,-1,-1,-1,-1,-1,-1,-1,-1,-1,-1,-1,-1,-1,-1,-1,-1,-1,-1,-1,-1,-1,-1,-1,-1,-1,-1,-1,-1,-1,-1,-1,-1,-1,-1,-1,-1,-1,-1,-1,-1,-1,-1,-1,-1,-1,-1,-1,-1,-1,-1,-1,-1,-1,-1,-1,-1,-1,-1,-1,-1,-1,-1,-1,-1,-1,-1,-1,-1,-1,-1,-1,-1,-1,-1,-1,-1,-1,-1,-1,-1,-1,-1,-1,-1,-1,-1,-1,-1,-1,-1,-1,-1,-1,-1,-1,-1,-1,-1,-1,-1,-1,-1,-1,-1,-1,-1,-1,-1,-1,-1,-1,-1,-1,-1,-1,-1,-1,-1,-1,-1,-1,-1,-1,-1,-1,-1,-1,-1,-1
